Bat species,Total sample number,Total number positive,Percentage positive,Overall Positive / Negative,Location,Ref
Myotis emarginatus,44,8,18.20%,Positive,"Lintgen, Luxembourg","Appl Environ Microbiol 2017, 83(18):pii: e01326-17"
Myotis emarginatus,44,1,2.30%,Positive,"Ettelbruck, Luxembourg","Appl Environ Microbiol 2017, 83(18):pii: e01326-17"
Myotis emarginatus,45,0,0.00%,Negative,"Marienthal, Luxembourg","Appl Environ Microbiol 2017, 83(18):pii: e01326-17"
Myotis emarginatus,33,1,3.00%,Positive,"Bissen, Luxembourg","Appl Environ Microbiol 2017, 83(18):pii: e01326-17"
Myotis emarginatus,44,0,0.00%,Negative,"Colpach, Luxembourg","Appl Environ Microbiol 2017, 83(18):pii: e01326-17"
Myotis emarginatus,44,2,4.50%,Positive,"Platen, Luxembourg","Appl Environ Microbiol 2017, 83(18):pii: e01326-17"
Hipposideros sp.,21,7,33.30%,Positive,West Africa,"Viruses 2020, 12(8):E855"
Chaerephon sp.,3,0,0.00%,Negative,West Africa,"Viruses 2020, 12(8):E855"
Mops condylurus,10,0,0.00%,Negative,West Africa,"Viruses 2020, 12(8):E855"
Nycteris sp.,3,1,33.30%,Positive,West Africa,"Viruses 2020, 12(8):E855"
Rhinolophus sp.,5,2,40.00%,Positive,West Africa,"Viruses 2020, 12(8):E855"
Scotophilus leucogaster,3,0,0.00%,Negative,West Africa,"Viruses 2020, 12(8):E855"
Eidolon helvum,9,4,44.40%,Positive,West Africa,"Viruses 2020, 12(8):E855"
Epomophorus gambianus,87,5,5.70%,Positive,West Africa,"Viruses 2020, 12(8):E855"
Epomops buettikoferi,3,0,0.00%,Negative,West Africa,"Viruses 2020, 12(8):E855"
Hypsignathus monstrosus,6,0,0.00%,Negative,West Africa,"Viruses 2020, 12(8):E855"
Lissonycteris angolensis,42,3,7.10%,Positive,West Africa,"Viruses 2020, 12(8):E855"
Micropteropus pusillus,6,0,0.00%,Negative,West Africa,"Viruses 2020, 12(8):E855"
Nanonycteris veldkampii,1,1,100.00%,Positive,West Africa,"Viruses 2020, 12(8):E855"
Rousettus aegyptiacus,120,12,10.00%,Positive,West Africa,"Viruses 2020, 12(8):E855"
Rousettus leschenaultii,137,20,14.60%,Positive,China,"Virol Sin 2016, 31(1):69-77"
Cynopterus sphinx,51,14,27.50%,Positive,China,"Virol Sin 2016, 31(1):69-77"
Megaerops kusnotei,41,1,2.40%,Positive,China,"Virol Sin 2016, 31(1):69-77"
Hipposideros cineraceus,24,1,4.20%,Positive,China,"Virol Sin 2016, 31(1):69-77"
Hipposideros pomona,84,0,0.00%,Negative,China,"Virol Sin 2016, 31(1):69-77"
Hipposideros larvatus,70,0,0.00%,Negative,China,"Virol Sin 2016, 31(1):69-77"
Hipposideros armiger,29,0,0.00%,Negative,China,"Virol Sin 2016, 31(1):69-77"
Aselliscus stoliczkanus,33,0,0.00%,Negative,China,"Virol Sin 2016, 31(1):69-77"
Rhinolophus ferrumequinum,88,1,1.10%,Positive,China,"Virol Sin 2016, 31(1):69-77"
Rhinolophus sinicus,78,7,9.00%,Positive,China,"Virol Sin 2016, 31(1):69-77"
Rhinolophus pusillus,11,0,0.00%,Negative,China,"Virol Sin 2016, 31(1):69-77"
Rhinolophus affinis,3,0,0.00%,Negative,China,"Virol Sin 2016, 31(1):69-77"
Rhinolophus hipposideros,42,0,0.00%,Negative,China,"Virol Sin 2016, 31(1):69-77"
Myotis daubentonii,95,5,5.30%,Positive,China,"Virol Sin 2016, 31(1):69-77"
Myotis laniger,8,0,0.00%,Negative,China,"Virol Sin 2016, 31(1):69-77"
Myotis chinensis,3,0,0.00%,Negative,China,"Virol Sin 2016, 31(1):69-77"
Myotis capaccinii,40,0,0.00%,Negative,China,"Virol Sin 2016, 31(1):69-77"
Myotis ricketti,65,0,0.00%,Negative,China,"Virol Sin 2016, 31(1):69-77"
Miniopterus schreibersii,8,0,0.00%,Negative,China,"Virol Sin 2016, 31(1):69-77"
Murina leucogaster,40,1,2.50%,Positive,China,"Virol Sin 2016, 31(1):69-77"
Megaderma lyra,1,0,0.00%,Negative,China,"Virol Sin 2016, 31(1):69-77"
Pipistrellus kuhlii,56,2,3.60%,Positive,Northwest Italy,"BMC Vet Res 2017, 13(1):396"
Pipistrellus pipistrellus,20,5,25.00%,Positive,Northwest Italy,"BMC Vet Res 2017, 13(1):396"
Pipistrellus nathusii,2,0,0.00%,Negative,Northwest Italy,"BMC Vet Res 2017, 13(1):396"
Myotis myotis,43,4,9.30%,Positive,Northwest Italy,"BMC Vet Res 2017, 13(1):396"
Myotis brandtii,1,0,0.00%,Negative,Northwest Italy,"BMC Vet Res 2017, 13(1):396"
Myotis bechsteinii,1,0,0.00%,Negative,Northwest Italy,"BMC Vet Res 2017, 13(1):396"
Myotis nattereri,22,3,13.60%,Positive,Northwest Italy,"BMC Vet Res 2017, 13(1):396"
Myotis daubentonii,24,2,8.30%,Positive,Northwest Italy,"BMC Vet Res 2017, 13(1):396"
Myotis emarginatus,29,0,0.00%,Negative,Northwest Italy,"BMC Vet Res 2017, 13(1):396"
Myotis oxygnathus,23,2,8.70%,Positive,Northwest Italy,"BMC Vet Res 2017, 13(1):396"
Myotis mistacinus,3,0,0.00%,Negative,Northwest Italy,"BMC Vet Res 2017, 13(1):396"
Hypsugo savii,5,0,0.00%,Negative,Northwest Italy,"BMC Vet Res 2017, 13(1):396"
Plecotus auritus,14,1,7.10%,Positive,Northwest Italy,"BMC Vet Res 2017, 13(1):396"
Plecotus austriacus,1,0,0.00%,Negative,Northwest Italy,"BMC Vet Res 2017, 13(1):396"
Plecotus macrobullaris,1,0,0.00%,Negative,Northwest Italy,"BMC Vet Res 2017, 13(1):396"
Barbastella barbastellus,17,0,0.00%,Negative,Northwest Italy,"BMC Vet Res 2017, 13(1):396"
Nyctalus leisleri,1,0,0.00%,Negative,Northwest Italy,"BMC Vet Res 2017, 13(1):396"
Rhinolophus ferrumequinum,38,18,47.40%,Positive,Northwest Italy,"BMC Vet Res 2017, 13(1):396"
Rhinolophus hipposideros,1,0,0.00%,Negative,Northwest Italy,"BMC Vet Res 2017, 13(1):396"
Rhinolophus pusillus,101,0,0.00%,Negative,China,"J Virol 2006, 80(15):7481-90"
Rhinolophus malayanus,15,0,0.00%,Negative,China,"J Virol 2006, 80(15):7481-90"
Rhinolophus affinis,60,0,0.00%,Negative,China,"J Virol 2006, 80(15):7481-90"
Rhinolophus ferrumequinum,41,4,9.80%,Positive,China,"J Virol 2006, 80(15):7481-90"
Rhinolophus thomasi,12,0,0.00%,Negative,China,"J Virol 2006, 80(15):7481-90"
Rhinolophus sinicus,66,1,1.50%,Positive,China,"J Virol 2006, 80(15):7481-90"
Rhinolophus pearsonii,48,1,2.10%,Positive,China,"J Virol 2006, 80(15):7481-90"
Rhinolophus macrotis,38,1,2.60%,Positive,China,"J Virol 2006, 80(15):7481-90"
Rhinolophus rex,2,0,0.00%,Negative,China,"J Virol 2006, 80(15):7481-90"
Rhinolophus luctus,4,0,0.00%,Negative,China,"J Virol 2006, 80(15):7481-90"
Rhinolophus osgoodi,1,0,0.00%,Negative,China,"J Virol 2006, 80(15):7481-90"
Hipposideros armiger,58,0,0.00%,Negative,China,"J Virol 2006, 80(15):7481-90"
Hipposideros larvatus,3,0,0.00%,Negative,China,"J Virol 2006, 80(15):7481-90"
Hipposideros pratti,9,0,0.00%,Negative,China,"J Virol 2006, 80(15):7481-90"
Hipposideros pomona,1,0,0.00%,Negative,China,"J Virol 2006, 80(15):7481-90"
Coelops frithii,6,0,0.00%,Negative,China,"J Virol 2006, 80(15):7481-90"
Aselliscus stoliczkanus,7,0,0.00%,Negative,China,"J Virol 2006, 80(15):7481-90"
Pipistrellus pipistrellus,27,6,22.20%,Positive,China,"J Virol 2006, 80(15):7481-90"
Pipistrellus abramus,41,14,34.10%,Positive,China,"J Virol 2006, 80(15):7481-90"
Scotophilus kuhlii,43,5,11.60%,Positive,China,"J Virol 2006, 80(15):7481-90"
Myotis daubentonii,41,0,0.00%,Negative,China,"J Virol 2006, 80(15):7481-90"
Myotis mystacinus,1,0,0.00%,Negative,China,"J Virol 2006, 80(15):7481-90"
Myotis ricketti,53,13,24.50%,Positive,China,"J Virol 2006, 80(15):7481-90"
Myotis chinensis,3,0,0.00%,Negative,China,"J Virol 2006, 80(15):7481-90"
Nyctalus aviator,6,0,0.00%,Negative,China,"J Virol 2006, 80(15):7481-90"
Nyctalus noctula,17,0,0.00%,Negative,China,"J Virol 2006, 80(15):7481-90"
Scotomanes ornatus,1,0,0.00%,Negative,China,"J Virol 2006, 80(15):7481-90"
Barbastella leucomelas,1,0,0.00%,Negative,China,"J Virol 2006, 80(15):7481-90"
Tylonycteris pachypus,14,2,14.30%,Positive,China,"J Virol 2006, 80(15):7481-90"
Ia io,8,0,0.00%,Negative,China,"J Virol 2006, 80(15):7481-90"
Murina leucogaster,5,0,0.00%,Negative,China,"J Virol 2006, 80(15):7481-90"
Miniopterus schreibersii,135,17,12.60%,Positive,China,"J Virol 2006, 80(15):7481-90"
Cynopterus sphinx,6,0,0.00%,Negative,China,"J Virol 2006, 80(15):7481-90"
Rousettus leschenaultii,31,0,0.00%,Negative,China,"J Virol 2006, 80(15):7481-90"
Rhinolophus sinicus,14,1,7.10%,Positive,China,"Nature 2013, 503(7477):535-8"
Rhinolophus sinicus,10,3,30.00%,Positive,China,"Nature 2013, 503(7477):535-8"
Rhinolophus sinicus,54,4,7.40%,Positive,China,"Nature 2013, 503(7477):535-8"
Rhinolophus sinicus,39,19,48.70%,Positive,China,"Nature 2013, 503(7477):535-8"
Carollia perspicillata,5,1,20.00%,Positive,South Africa,"Emerg Infect Dis 2008, 14(12):1890-3"
Glossophaga soricina,21,1,4.80%,Positive,South Africa,"Emerg Infect Dis 2008, 14(12):1890-3"
Noctilio leporinus,6,0,0.00%,Negative,South Africa,"Emerg Infect Dis 2008, 14(12):1890-3"
Desmodus rotundus,14,0,0.00%,Negative,South Africa,"Emerg Infect Dis 2008, 14(12):1890-3"
Pteronotus parnellii,31,0,0.00%,Negative,South Africa,"Emerg Infect Dis 2008, 14(12):1890-3"
Molossus major,25,0,0.00%,Negative,South Africa,"Emerg Infect Dis 2008, 14(12):1890-3"
Mormoops sp.,1,0,0.00%,Negative,South Africa,"Emerg Infect Dis 2008, 14(12):1890-3"
Phyllostomus hastatus,11,0,0.00%,Negative,South Africa,"Emerg Infect Dis 2008, 14(12):1890-3"
Peropteryx kappleri,5,0,0.00%,Negative,Costa Rica,"J Gen Virol 2013, 94(Pt 9):1984-94"
Rhynchonycteris naso,1,0,0.00%,Negative,Costa Rica,"J Gen Virol 2013, 94(Pt 9):1984-94"
Saccopteryx bilineata,114,0,0.00%,Negative,Costa Rica,"J Gen Virol 2013, 94(Pt 9):1984-94"
Saccopteryx leptura,1,0,0.00%,Negative,Costa Rica,"J Gen Virol 2013, 94(Pt 9):1984-94"
Anoura geoffroyi,101,4,4.00%,Positive,Costa Rica,"J Gen Virol 2013, 94(Pt 9):1984-94"
Artibeus jamaicensis,363,3,0.80%,Positive,Costa Rica,"J Gen Virol 2013, 94(Pt 9):1984-94"
Artibeus lituratus,54,1,1.90%,Positive,Costa Rica,"J Gen Virol 2013, 94(Pt 9):1984-94"
Artibeus obscurus,2,0,0.00%,Negative,Costa Rica,"J Gen Virol 2013, 94(Pt 9):1984-94"
Artibeus phaeotis,5,0,0.00%,Negative,Costa Rica,"J Gen Virol 2013, 94(Pt 9):1984-94"
Artibeus watsoni,4,0,0.00%,Negative,Costa Rica,"J Gen Virol 2013, 94(Pt 9):1984-94"
Carollia brevicauda,107,6,5.60%,Positive,Costa Rica,"J Gen Virol 2013, 94(Pt 9):1984-94"
Carollia castanea,45,0,0.00%,Negative,Costa Rica,"J Gen Virol 2013, 94(Pt 9):1984-94"
Carollia perspicillata,459,21,4.60%,Positive,Costa Rica,"J Gen Virol 2013, 94(Pt 9):1984-94"
Carollia spec.,15,0,0.00%,Negative,Costa Rica,"J Gen Virol 2013, 94(Pt 9):1984-94"
Chrotopterus auritus,1,0,0.00%,Negative,Costa Rica,"J Gen Virol 2013, 94(Pt 9):1984-94"
Desmodus rotundus,30,0,0.00%,Negative,Costa Rica,"J Gen Virol 2013, 94(Pt 9):1984-94"
Enchisthenes hartii,3,0,0.00%,Negative,Costa Rica,"J Gen Virol 2013, 94(Pt 9):1984-94"
Glossophaga commissarisi,3,0,0.00%,Negative,Costa Rica,"J Gen Virol 2013, 94(Pt 9):1984-94"
Glossophaga soricina,49,0,0.00%,Negative,Costa Rica,"J Gen Virol 2013, 94(Pt 9):1984-94"
Lampronycteris brachyotis,2,0,0.00%,Negative,Costa Rica,"J Gen Virol 2013, 94(Pt 9):1984-94"
Lonchorhina aurita,1,0,0.00%,Negative,Costa Rica,"J Gen Virol 2013, 94(Pt 9):1984-94"
Lonchophylla robusta,1,0,0.00%,Negative,Costa Rica,"J Gen Virol 2013, 94(Pt 9):1984-94"
Lophostoma brasiliense,2,0,0.00%,Negative,Costa Rica,"J Gen Virol 2013, 94(Pt 9):1984-94"
Lophostoma silvicolum,27,0,0.00%,Negative,Costa Rica,"J Gen Virol 2013, 94(Pt 9):1984-94"
Mesophylla macconnellii,1,0,0.00%,Negative,Costa Rica,"J Gen Virol 2013, 94(Pt 9):1984-94"
Micronycteris hirsuta,3,0,0.00%,Negative,Costa Rica,"J Gen Virol 2013, 94(Pt 9):1984-94"
Micronycteris microtis,6,0,0.00%,Negative,Costa Rica,"J Gen Virol 2013, 94(Pt 9):1984-94"
Micronycteris minuta,2,0,0.00%,Negative,Costa Rica,"J Gen Virol 2013, 94(Pt 9):1984-94"
Mimon crenulatum,11,0,0.00%,Negative,Costa Rica,"J Gen Virol 2013, 94(Pt 9):1984-94"
Phylloderma stenops,3,0,0.00%,Negative,Costa Rica,"J Gen Virol 2013, 94(Pt 9):1984-94"
Phyllostomus discolour,10,2,20.00%,Positive,Costa Rica,"J Gen Virol 2013, 94(Pt 9):1984-94"
Phyllostomus hastatus,5,0,0.00%,Negative,Costa Rica,"J Gen Virol 2013, 94(Pt 9):1984-94"
Phyllostomus elongatus,4,0,0.00%,Negative,Costa Rica,"J Gen Virol 2013, 94(Pt 9):1984-94"
Platyrrhinus brachycephalus,1,0,0.00%,Negative,Costa Rica,"J Gen Virol 2013, 94(Pt 9):1984-94"
Platyrrhinus helleri,1,0,0.00%,Negative,Costa Rica,"J Gen Virol 2013, 94(Pt 9):1984-94"
Platyrrhinus infuscus,2,0,0.00%,Negative,Costa Rica,"J Gen Virol 2013, 94(Pt 9):1984-94"
Rhinophylla pumilio,4,0,0.00%,Negative,Costa Rica,"J Gen Virol 2013, 94(Pt 9):1984-94"
Sturnira lilium,3,0,0.00%,Negative,Costa Rica,"J Gen Virol 2013, 94(Pt 9):1984-94"
Sturnira magna,3,0,0.00%,Negative,Costa Rica,"J Gen Virol 2013, 94(Pt 9):1984-94"
Tonatia saurophila,7,0,0.00%,Negative,Costa Rica,"J Gen Virol 2013, 94(Pt 9):1984-94"
Trachops cirrhosus,14,0,0.00%,Negative,Costa Rica,"J Gen Virol 2013, 94(Pt 9):1984-94"
Uroderma bilobatum,32,0,0.00%,Negative,Costa Rica,"J Gen Virol 2013, 94(Pt 9):1984-94"
Vampyressa bidens,1,0,0.00%,Negative,Costa Rica,"J Gen Virol 2013, 94(Pt 9):1984-94"
Vampyressa thyone,1,0,0.00%,Negative,Costa Rica,"J Gen Virol 2013, 94(Pt 9):1984-94"
Vampyrodes caraccioli,9,0,0.00%,Negative,Costa Rica,"J Gen Virol 2013, 94(Pt 9):1984-94"
Pteronotus parnellii,300,10,3.30%,Positive,Costa Rica,"J Gen Virol 2013, 94(Pt 9):1984-94"
Noctilio leporinus,1,0,0.00%,Negative,Costa Rica,"J Gen Virol 2013, 94(Pt 9):1984-94"
Myotis albescens,2,0,0.00%,Negative,Costa Rica,"J Gen Virol 2013, 94(Pt 9):1984-94"
Myotis nigricans,7,0,0.00%,Negative,Costa Rica,"J Gen Virol 2013, 94(Pt 9):1984-94"
Rhogeessa tumida,3,0,0.00%,Negative,Costa Rica,"J Gen Virol 2013, 94(Pt 9):1984-94"
Eumops maurus,1,0,0.00%,Negative,Costa Rica,"J Gen Virol 2013, 94(Pt 9):1984-94"
Molossus currentium,10,1,10.00%,Positive,Costa Rica,"J Gen Virol 2013, 94(Pt 9):1984-94"
Molossus molossus,2,0,0.00%,Negative,Costa Rica,"J Gen Virol 2013, 94(Pt 9):1984-94"
Molossus rufus,19,1,5.30%,Positive,Costa Rica,"J Gen Virol 2013, 94(Pt 9):1984-94"
Natalus lanatus,5,0,0.00%,Negative,Costa Rica,"J Gen Virol 2013, 94(Pt 9):1984-94"
Cardioderma cor,13,1,7.70%,Positive,Kanya,"Emerg Infect Dis 2009, 15(3):482-5"
Chaerophon sp.,38,7,18.40%,Positive,Kanya,"Emerg Infect Dis 2009, 15(3):482-5"
Chaerophon pumilus,7,2,28.60%,Positive,Kanya,"Emerg Infect Dis 2009, 15(3):482-5"
Coleura afra,2,0,0.00%,Negative,Kanya,"Emerg Infect Dis 2009, 15(3):482-5"
Eidolon helvum,10,6,60.00%,Positive,Kanya,"Emerg Infect Dis 2009, 15(3):482-5"
Epomophorus wahlbergi,3,0,0.00%,Negative,Kanya,"Emerg Infect Dis 2009, 15(3):482-5"
Hipposideros commersoni,10,1,10.00%,Positive,Kanya,"Emerg Infect Dis 2009, 15(3):482-5"
Hipposideros ruber,6,0,0.00%,Negative,Kanya,"Emerg Infect Dis 2009, 15(3):482-5"
Lissonycteris angolensis,10,0,0.00%,Negative,Kanya,"Emerg Infect Dis 2009, 15(3):482-5"
Miniopterus africanus,8,1,12.50%,Positive,Kanya,"Emerg Infect Dis 2009, 15(3):482-5"
Miniopterus inflatus,12,7,58.30%,Positive,Kanya,"Emerg Infect Dis 2009, 15(3):482-5"
Miniopterus minor,16,1,6.30%,Positive,Kanya,"Emerg Infect Dis 2009, 15(3):482-5"
Miniopterus natalensis,7,1,14.30%,Positive,Kanya,"Emerg Infect Dis 2009, 15(3):482-5"
Neoromicia tenuipinnis,4,0,0.00%,Negative,Kanya,"Emerg Infect Dis 2009, 15(3):482-5"
Otomops martiensseni,19,2,10.50%,Positive,Kanya,"Emerg Infect Dis 2009, 15(3):482-5"
Pipistrellus sp.,1,0,0.00%,Negative,Kanya,"Emerg Infect Dis 2009, 15(3):482-5"
Rhinolophus hildebrandtii,4,0,0.00%,Negative,Kanya,"Emerg Infect Dis 2009, 15(3):482-5"
Rhinolophus sp.,7,0,0.00%,Negative,Kanya,"Emerg Infect Dis 2009, 15(3):482-5"
Chalinolobus gouldii,66,2,3.00%,Positive,Western Australia,"Viruses 2019, 11(12):pii: E1157"
Chalinolobus morio,59,4,6.80%,Positive,Western Australia,"Viruses 2019, 11(12):pii: E1157"
Falsistrellus mackenziei,7,0,0.00%,Negative,Western Australia,"Viruses 2019, 11(12):pii: E1157"
Nyctophilus geoffroyi,26,0,0.00%,Negative,Western Australia,"Viruses 2019, 11(12):pii: E1157"
Nyctophilus gouldi,67,7,10.40%,Positive,Western Australia,"Viruses 2019, 11(12):pii: E1157"
Nyctophilus major,5,2,40.00%,Positive,Western Australia,"Viruses 2019, 11(12):pii: E1157"
Scotorepens balstoni,2,0,0.00%,Negative,Western Australia,"Viruses 2019, 11(12):pii: E1157"
Vespadelus baverstocki,1,0,0.00%,Negative,Western Australia,"Viruses 2019, 11(12):pii: E1157"
Vespadelus regulus,150,9,6.00%,Positive,Western Australia,"Viruses 2019, 11(12):pii: E1157"
Austronomus australis,11,1,9.10%,Positive,Western Australia,"Viruses 2019, 11(12):pii: E1157"
Ozimops sp,1,0,0.00%,Negative,Western Australia,"Viruses 2019, 11(12):pii: E1157"
Eptesicus serotinus,1,0,0.00%,Negative,Western Europe,"Vector Borne Zoonotic Dis 2010, 10(8):785-91"
Myotis bechsteinii,4,0,0.00%,Negative,Western Europe,"Vector Borne Zoonotic Dis 2010, 10(8):785-91"
Myotis brandtii,2,0,0.00%,Negative,Western Europe,"Vector Borne Zoonotic Dis 2010, 10(8):785-91"
Myotis daubentonii,50,8,16.00%,Positive,Western Europe,"Vector Borne Zoonotic Dis 2010, 10(8):785-91"
Myotis dasycneme,105,20,19.00%,Positive,Western Europe,"Vector Borne Zoonotic Dis 2010, 10(8):785-91"
Myotis emarginatus,6,0,0.00%,Negative,Western Europe,"Vector Borne Zoonotic Dis 2010, 10(8):785-91"
Myotis myotis,1,0,0.00%,Negative,Western Europe,"Vector Borne Zoonotic Dis 2010, 10(8):785-91"
Myotis mystacinus,3,0,0.00%,Negative,Western Europe,"Vector Borne Zoonotic Dis 2010, 10(8):785-91"
Myotis nattereri,2,0,0.00%,Negative,Western Europe,"Vector Borne Zoonotic Dis 2010, 10(8):785-91"
Nyctalus noctula,14,5,35.70%,Positive,Western Europe,"Vector Borne Zoonotic Dis 2010, 10(8):785-91"
Pipistrellus nathusii,8,0,0.00%,Negative,Western Europe,"Vector Borne Zoonotic Dis 2010, 10(8):785-91"
Pipistrellus pipistrellus,8,2,25.00%,Positive,Western Europe,"Vector Borne Zoonotic Dis 2010, 10(8):785-91"
Plecotus auritus,7,0,0.00%,Negative,Western Europe,"Vector Borne Zoonotic Dis 2010, 10(8):785-91"
Artibeus lituratus,108,5,4.60%,Positive,Mexico,"J Gen Virol 2013, 94(Pt 5):1028-38"
Artibeus phaeotis,36,3,8.30%,Positive,Mexico,"J Gen Virol 2013, 94(Pt 5):1028-38"
Artibeus jamaicensis,93,5,5.40%,Positive,Mexico,"J Gen Virol 2013, 94(Pt 5):1028-38"
Artibeus watsoni,17,0,0.00%,Negative,Mexico,"J Gen Virol 2013, 94(Pt 5):1028-38"
Glossophaga soricina,48,0,0.00%,Negative,Mexico,"J Gen Virol 2013, 94(Pt 5):1028-38"
Glossophaga commissarisi,3,0,0.00%,Negative,Mexico,"J Gen Virol 2013, 94(Pt 5):1028-38"
Carollia sowelli,72,7,9.70%,Positive,Mexico,"J Gen Virol 2013, 94(Pt 5):1028-38"
Carollia perspicillata,21,2,9.50%,Positive,Mexico,"J Gen Virol 2013, 94(Pt 5):1028-38"
Sturnira ludovici,23,0,0.00%,Negative,Mexico,"J Gen Virol 2013, 94(Pt 5):1028-38"
Sturnira lilium,34,0,0.00%,Negative,Mexico,"J Gen Virol 2013, 94(Pt 5):1028-38"
Leptonycteris nivalis,2,0,0.00%,Negative,Mexico,"J Gen Virol 2013, 94(Pt 5):1028-38"
Leptonycteris yerbabuenae,1,0,0.00%,Negative,Mexico,"J Gen Virol 2013, 94(Pt 5):1028-38"
Centurio senex,4,0,0.00%,Negative,Mexico,"J Gen Virol 2013, 94(Pt 5):1028-38"
Platyrrhinus helleri,16,0,0.00%,Negative,Mexico,"J Gen Virol 2013, 94(Pt 5):1028-38"
Uroderma bilobatum,5,0,0.00%,Negative,Mexico,"J Gen Virol 2013, 94(Pt 5):1028-38"
Desmodus rotundus,7,0,0.00%,Negative,Mexico,"J Gen Virol 2013, 94(Pt 5):1028-38"
Micronycteris schmidtorum,5,0,0.00%,Negative,Mexico,"J Gen Virol 2013, 94(Pt 5):1028-38"
Micronycteris microtis,1,0,0.00%,Negative,Mexico,"J Gen Virol 2013, 94(Pt 5):1028-38"
Mimon cozumelae,1,0,0.00%,Negative,Mexico,"J Gen Virol 2013, 94(Pt 5):1028-38"
Phyllostomus discolour,2,0,0.00%,Negative,Mexico,"J Gen Virol 2013, 94(Pt 5):1028-38"
Choeroniscus godmani,6,0,0.00%,Negative,Mexico,"J Gen Virol 2013, 94(Pt 5):1028-38"
Trachops cirrhosus,2,0,0.00%,Negative,Mexico,"J Gen Virol 2013, 94(Pt 5):1028-38"
Tonatia saurophila,1,0,0.00%,Negative,Mexico,"J Gen Virol 2013, 94(Pt 5):1028-38"
Chrotopterus auritus,2,0,0.00%,Negative,Mexico,"J Gen Virol 2013, 94(Pt 5):1028-38"
Lonchorhina aurita,1,1,100.00%,Positive,Mexico,"J Gen Virol 2013, 94(Pt 5):1028-38"
Phylloderma stenops,2,0,0.00%,Negative,Mexico,"J Gen Virol 2013, 94(Pt 5):1028-38"
Mormoops megalophylla,11,0,0.00%,Negative,Mexico,"J Gen Virol 2013, 94(Pt 5):1028-38"
Pteronotus davyi,2,0,0.00%,Negative,Mexico,"J Gen Virol 2013, 94(Pt 5):1028-38"
Pteronotus parnellii,19,1,5.30%,Positive,Mexico,"J Gen Virol 2013, 94(Pt 5):1028-38"
Nyctinomops macrotis,10,0,0.00%,Negative,Mexico,"J Gen Virol 2013, 94(Pt 5):1028-38"
Nyctinomops laticaudatus,5,1,20.00%,Positive,Mexico,"J Gen Virol 2013, 94(Pt 5):1028-38"
Tadarida brasiliensis,10,3,30.00%,Positive,Mexico,"J Gen Virol 2013, 94(Pt 5):1028-38"
Myotis velifer,7,3,42.90%,Positive,Mexico,"J Gen Virol 2013, 94(Pt 5):1028-38"
Myotis occultus,1,0,0.00%,Negative,Mexico,"J Gen Virol 2013, 94(Pt 5):1028-38"
Myotis keaysi,2,0,0.00%,Negative,Mexico,"J Gen Virol 2013, 94(Pt 5):1028-38"
Myotis nigricans,1,0,0.00%,Negative,Mexico,"J Gen Virol 2013, 94(Pt 5):1028-38"
Eptesicus fuscus,3,1,33.30%,Positive,Mexico,"J Gen Virol 2013, 94(Pt 5):1028-38"
Corynorhinus mexicanus,1,0,0.00%,Negative,Mexico,"J Gen Virol 2013, 94(Pt 5):1028-38"
Lasiurus intermedius,1,0,0.00%,Negative,Mexico,"J Gen Virol 2013, 94(Pt 5):1028-38"
Bauerus dubiaquercus,18,0,0.00%,Negative,Mexico,"J Gen Virol 2013, 94(Pt 5):1028-38"
Rhynchonycteris naso,1,0,0.00%,Negative,Mexico,"J Gen Virol 2013, 94(Pt 5):1028-38"
Saccopteryx bilineata,1,0,0.00%,Negative,Mexico,"J Gen Virol 2013, 94(Pt 5):1028-38"
Cynopterus brachyotis,9,1,11.10%,Positive,"Chanthaburl, Thailand","Virol J 2015, 12(1):57"
Cynopterus sphinx,14,4,28.60%,Positive,"Eastern, Thailand","Virol J 2015, 12(1):57"
Eonycteris spelaea,11,0,0.00%,Negative,"Eastern, Thailand","Virol J 2015, 12(1):57"
Rousettus amplexicaudatus,3,0,0.00%,Negative,"Chanthaburl, Thailand","Virol J 2015, 12(1):57"
Taphozous longimanus,12,0,0.00%,Negative,"Chachoengsao, Thailand","Virol J 2015, 12(1):57"
Taphozous melanopogon,123,2,1.60%,Positive,"Chachoengsao, Thailand","Virol J 2015, 12(1):57"
Hipposideros armiger,140,2,1.40%,Positive,"Chachoengsao, Thailand","Virol J 2015, 12(1):57"
Hipposideros cineraceus,3,0,0.00%,Negative,"Srakaeo, Thailand","Virol J 2015, 12(1):57"
Hipposideros larvatus,29,1,3.40%,Positive,"Chachoengsao, Thailand","Virol J 2015, 12(1):57"
Hipposideros lekaguli,159,10,6.30%,Positive,"Srakaeo, Thailand","Virol J 2015, 12(1):57"
Macroglossus sobrinus,2,0,0.00%,Negative,"Eastern, Thailand","Virol J 2015, 12(1):57"
Megaderma lyra,2,1,50.00%,Positive,"Chachoengsao, Thailand","Virol J 2015, 12(1):57"
Rhinolophus shameli,20,2,10.00%,Positive,"Srakaeo, Thailand","Virol J 2015, 12(1):57"
Miniopterus magnater,30,6,20.00%,Positive,"Srakaeo, Thailand","Virol J 2015, 12(1):57"
Miniopterus pusillus,1,1,100.00%,Positive,"Srakaeo, Thailand","Virol J 2015, 12(1):57"
Miniopterus schreibersii,53,12,22.60%,Positive,"Srakaeo, Thailand","Virol J 2015, 12(1):57"
Myotis horsfieldii,4,0,0.00%,Negative,"Srakaeo, Thailand","Virol J 2015, 12(1):57"
Scotophilus kuhlii,3,2,66.70%,Positive,"Chonburi, Thailand","Virol J 2015, 12(1):57"
Scotophilus heathii,8,3,37.50%,Positive,"Chonburi, Thailand","Virol J 2015, 12(1):57"
Cynopterus sphinx,1,0,0.00%,Negative,"Macau, China",Virol Sin. 2017 Jun; 32(3): 226–234
Eonycteris spelaea,1,0,0.00%,Negative,"Macau, China",Virol Sin. 2017 Jun; 32(3): 226–234
Rhinolophus pusillus,356,2,0.60%,Positive,"Macau, China",Virol Sin. 2017 Jun; 32(3): 226–234
Rhinolophus sinicus,2,0,0.00%,Negative,"Macau, China",Virol Sin. 2017 Jun; 32(3): 226–234
Hipposideros armiger,421,0,0.00%,Negative,"Macau, China",Virol Sin. 2017 Jun; 32(3): 226–234
Pipistrellus abramus,12,0,0.00%,Negative,"Macau, China",Virol Sin. 2017 Jun; 32(3): 226–234
Pipistrellus minus,13,0,0.00%,Negative,"Macau, China",Virol Sin. 2017 Jun; 32(3): 226–234
Miniopterus schreibersii,78,24,30.80%,Positive,"Macau, China",Virol Sin. 2017 Jun; 32(3): 226–234
Myotis ricketti,42,10,23.80%,Positive,"Macau, China",Virol Sin. 2017 Jun; 32(3): 226–234
Tylonycteris pachypus,78,14,17.90%,Positive,"Macau, China",Virol Sin. 2017 Jun; 32(3): 226–234
Aselliscus stoliczkanus,2,0,0.00%,Negative,"Anlong Guizhou, China",Virology. 2017 Jul; 507: 1–10
Barbastella beijingensis,2,0,0.00%,Negative,"Jiyuan Henan, China",Virology. 2017 Jul; 507: 1–10
Hipposideros armiger,35,1,2.90%,Positive,"Anlong Guizhou, China",Virology. 2017 Jul; 507: 1–10
Hypsugo savii,1,0,0.00%,Negative,"Jiyuan Henan, China",Virology. 2017 Jul; 507: 1–10
Miniopterus ricketti,1,0,0.00%,Negative,"Lushi Henan, China",Virology. 2017 Jul; 507: 1–10
Miniopterus schreibersii,198,16,8.10%,Positive,"Anlong Guizhou, China",Virology. 2017 Jul; 507: 1–10
Murina leucogaster,42,5,11.90%,Positive,"Neixiang Henan, China",Virology. 2017 Jul; 507: 1–10
Murina sp.,3,0,0.00%,Negative,"Jiyuan Henan, China",Virology. 2017 Jul; 507: 1–10
Myotis davidii,11,5,45.50%,Positive,"Anlong Guizhou, China",Virology. 2017 Jul; 507: 1–10
Myotis siligorensis,4,1,25.00%,Positive,"Anlong Guizhou, China",Virology. 2017 Jul; 507: 1–10
Plecotus auritus,4,0,0.00%,Negative,"Jiyuan Henan, China",Virology. 2017 Jul; 507: 1–10
Rhinolophus affinis,3,0,0.00%,Negative,"Neixiang Henan, China",Virology. 2017 Jul; 507: 1–10
Rhinolophus ferrumequinum,183,2,1.10%,Positive,"Jiyuan Henan, China",Virology. 2017 Jul; 507: 1–10
Rhinolophus luctus,3,0,0.00%,Negative,"Lushi Henan, China",Virology. 2017 Jul; 507: 1–10
Rhinolophus macrotis,1,1,100.00%,Positive,"Lushi Henan, China",Virology. 2017 Jul; 507: 1–10
Rhinolophus pearsonii,58,3,5.20%,Positive,"Anlong Guizhou, China",Virology. 2017 Jul; 507: 1–10
Rhinolophus pusillus,154,1,0.60%,Positive,"Anlong Guizhou, China",Virology. 2017 Jul; 507: 1–10
Rhinolophus rex,23,1,4.30%,Positive,"Anlong Guizhou, China",Virology. 2017 Jul; 507: 1–10
Rhinolophus sinicus,219,8,3.70%,Positive,"Anlong Guizhou, China",Virology. 2017 Jul; 507: 1–10
Rhinolophus thomasi,1,1,100.00%,Positive,"Longquan Zhejiang, China",Virology. 2017 Jul; 507: 1–10
Rhinolophus monoceros,119,28,23.50%,Positive,"Longquan Zhejiang, China",Virology. 2017 Jul; 507: 1–10
Eidolon helvum,212,0,0.00%,Negative,"Zoo Kumasi (6°42′2.0′′N, 1°37′29.9′′W)","Emerg Infect Dis 2009, 15(9):1377-84"
Pipistrellus nanulus,1,0,0.00%,Negative,"KNUST Botanical Garden Kumasi (6°41′6.4′′N, 1°33′42.8′′W)†","Emerg Infect Dis 2009, 15(9):1377-84"
Glauconycteris beatrix,1,0,0.00%,Negative,"KNUST Botanical Garden Kumasi (6°41′6.4′′N, 1°33′42.8′′W)†","Emerg Infect Dis 2009, 15(9):1377-84"
Chaerephon spp.,6,0,0.00%,Negative,"Lake Bosumtwi (6°32′22.3′′N, 1°24′41.5′′W)","Emerg Infect Dis 2009, 15(9):1377-84"
Nycteris hispida,1,0,0.00%,Negative,"Cave Kwamang (6°58′N, 1°16′W)","Emerg Infect Dis 2009, 15(9):1377-84"
Neoromicia nanus,5,0,0.00%,Negative,"Cave Kwamang (6°58′N, 1°16′W)","Emerg Infect Dis 2009, 15(9):1377-84"
Pipistrellus deserti,1,0,0.00%,Negative,"Cave Kwamang (6°58′N, 1°16′W)","Emerg Infect Dis 2009, 15(9):1377-84"
Hipposideros caffer ruber,40,10,25.00%,Positive,"Cave Booyem A (7°43′24.9′′N, 1°59′16.5′′W)","Emerg Infect Dis 2009, 15(9):1377-84"
Hipposideros abae,13,0,0.00%,Negative,"Cave Booyem A (7°43′24.9′′N, 1°59′16.5′′W)","Emerg Infect Dis 2009, 15(9):1377-84"
Hipposideros ruber,8,0,0.00%,Negative,"Cave Booyem A (7°43′24.9′′N, 1°59′16.5′′W)","Emerg Infect Dis 2009, 15(9):1377-84"
Coleura afra,12,0,0.00%,Negative,"Cave Booyem B (7°43′25.7′′N, 1°59′33.5′′W)","Emerg Infect Dis 2009, 15(9):1377-84"
Hipposideros ruber,11,2,18.20%,Positive,"Cave Booyem B (7°43′25.7′′N, 1°59′33.5′′W)","Emerg Infect Dis 2009, 15(9):1377-84"
Hipposideros abae,3,0,0.00%,Negative,"Cave Booyem B (7°43′25.7′′N, 1°59′33.5′′W)","Emerg Infect Dis 2009, 15(9):1377-84"
Coleura afra,21,0,0.00%,Negative,"Cave Booyem B (7°43′25.7′′N, 1°59′33.5′′W)","Emerg Infect Dis 2009, 15(9):1377-84"
Myotis bechsteinii,9,1,11.10%,Positive,northern Germany,"Emerg Infect Dis 2008, 14(4):626-31"
Myotis brandtii,2,0,0.00%,Negative,northern Germany,"Emerg Infect Dis 2008, 14(4):626-31"
Myotis dasycneme,67,18,26.90%,Positive,northern Germany,"Emerg Infect Dis 2008, 14(4):626-31"
Myotis daubentonii,155,8,5.20%,Positive,northern Germany,"Emerg Infect Dis 2008, 14(4):626-31"
Nyctalus noctula,3,0,0.00%,Negative,northern Germany,"Emerg Infect Dis 2008, 14(4):626-31"
Pipistrellus nathusii,22,2,9.10%,Positive,northern Germany,"Emerg Infect Dis 2008, 14(4):626-31"
Pipistrellus pygmaeus,57,3,5.30%,Positive,northern Germany,"Emerg Infect Dis 2008, 14(4):626-31"
Myotis nattereri,16,12,75.00%,Positive,Wythama,"Vector Borne Zoonotic Dis 2012, 12(6):530-3"
Myotis daubentonii,30,5,16.70%,Positive,Wythama,"Vector Borne Zoonotic Dis 2012, 12(6):530-3"
Plecotus auritus,26,0,0.00%,Negative,Wythama,"Vector Borne Zoonotic Dis 2012, 12(6):530-3"
Rhinolophus ferrumequinum,15,0,0.00%,Negative,Southwest England,"Vector Borne Zoonotic Dis 2012, 12(6):530-3"
Rhinolophus hipposideros,6,0,0.00%,Negative,Southwest England,"Vector Borne Zoonotic Dis 2012, 12(6):530-3"
Pipistrellus pipistrellus,2,0,0.00%,Negative,Savernakeb,"Vector Borne Zoonotic Dis 2012, 12(6):530-3"
Barbastella barbastellus,1,0,0.00%,Negative,Savernakeb,"Vector Borne Zoonotic Dis 2012, 12(6):530-3"
Rhinolophus hipposideros,36,14,38.90%,Positive,Slovenia,"Arch Virol 2010, 155(4):507-14"
Myotis daubentonii,26,0,0.00%,Negative,Slovenia,"Arch Virol 2010, 155(4):507-14"
Myotis mystacinus,4,0,0.00%,Negative,Slovenia,"Arch Virol 2010, 155(4):507-14"
Myotis myotis,31,0,0.00%,Negative,Slovenia,"Arch Virol 2010, 155(4):507-14"
Pipistrellus kuhlii,3,0,0.00%,Negative,Slovenia,"Arch Virol 2010, 155(4):507-14"
Pipistrellus nathusii,2,0,0.00%,Negative,Slovenia,"Arch Virol 2010, 155(4):507-14"
Eptesicus serotinus,4,0,0.00%,Negative,Slovenia,"Arch Virol 2010, 155(4):507-14"
Coleura afra,68,0,0.00%,Negative,Ghana,"J Virol 2015, 89(23):11858-70"
Hipposideros abae,242,19,7.90%,Positive,Ghana,"J Virol 2015, 89(23):11858-70"
Hipposideros gigas,12,0,0.00%,Negative,Ghana,"J Virol 2015, 89(23):11858-70"
Hipposideros jonesi,5,0,0.00%,Negative,Ghana,"J Virol 2015, 89(23):11858-70"
Hipposideros ruber,1611,62,3.80%,Positive,Ghana,"J Virol 2015, 89(23):11858-70"
Nycteris gambiensis,91,0,0.00%,Negative,Ghana,"J Virol 2015, 89(23):11858-70"
Rhinolophus alcyone,4,0,0.00%,Negative,Ghana,"J Virol 2015, 89(23):11858-70"
Rhinolophus landeri,9,0,0.00%,Negative,Ghana,"J Virol 2015, 89(23):11858-70"
Taphozous perforatus,21,0,0.00%,Negative,Ghana,"J Virol 2015, 89(23):11858-70"
Lissonycteris angolensis,20,0,0.00%,Negative,Ghana,"J Virol 2015, 89(23):11858-70"
Rousettus aegyptiacus,4,0,0.00%,Negative,Ghana,"J Virol 2015, 89(23):11858-70"
Barbastella barbastellus,6,0,0.00%,Negative,Iberian Peninsula,"Arch Virol 2011, 156(10):1883-90"
Eptesicus isabellinus,8,1,12.50%,Positive,Iberian Peninsula,"Arch Virol 2011, 156(10):1883-90"
Eptesicus serotinus,7,0,0.00%,Negative,Iberian Peninsula,"Arch Virol 2011, 156(10):1883-90"
Hypsugo savii,36,2,5.60%,Positive,Iberian Peninsula,"Arch Virol 2011, 156(10):1883-90"
Miniopterus schreibersii,73,1,1.40%,Positive,Iberian Peninsula,"Arch Virol 2011, 156(10):1883-90"
Myotis alcathoe,1,0,0.00%,Negative,Iberian Peninsula,"Arch Virol 2011, 156(10):1883-90"
Myotis bechsteinii,5,0,0.00%,Negative,Iberian Peninsula,"Arch Virol 2011, 156(10):1883-90"
Myotis blythii,11,1,9.10%,Positive,Iberian Peninsula,"Arch Virol 2011, 156(10):1883-90"
Myotis capaccinii,14,0,0.00%,Negative,Iberian Peninsula,"Arch Virol 2011, 156(10):1883-90"
Myotis daubentonii,91,1,1.10%,Positive,Iberian Peninsula,"Arch Virol 2011, 156(10):1883-90"
Myotis emarginatus,2,0,0.00%,Negative,Iberian Peninsula,"Arch Virol 2011, 156(10):1883-90"
Myotis escalerai,15,0,0.00%,Negative,Iberian Peninsula,"Arch Virol 2011, 156(10):1883-90"
Myotis myotis,18,1,5.60%,Positive,Iberian Peninsula,"Arch Virol 2011, 156(10):1883-90"
Myotis mystacinus,5,0,0.00%,Negative,Iberian Peninsula,"Arch Virol 2011, 156(10):1883-90"
Myotis nattereri,6,0,0.00%,Negative,Iberian Peninsula,"Arch Virol 2011, 156(10):1883-90"
Nyctalus lasiopterus,174,5,2.90%,Positive,Iberian Peninsula,"Arch Virol 2011, 156(10):1883-90"
Nyctalus leisleri,34,0,0.00%,Negative,Iberian Peninsula,"Arch Virol 2011, 156(10):1883-90"
Pipistrellus kuhlii,10,1,10.00%,Positive,Iberian Peninsula,"Arch Virol 2011, 156(10):1883-90"
Pipistrellus pipistrellus,4,0,0.00%,Negative,Iberian Peninsula,"Arch Virol 2011, 156(10):1883-90"
Pipistrellus pygmaeus,1,0,0.00%,Negative,Iberian Peninsula,"Arch Virol 2011, 156(10):1883-90"
Pipistrellus sp.,34,1,2.90%,Positive,Iberian Peninsula,"Arch Virol 2011, 156(10):1883-90"
Plecotus auritus,7,0,0.00%,Negative,Iberian Peninsula,"Arch Virol 2011, 156(10):1883-90"
Plecotus austriacus,17,0,0.00%,Negative,Iberian Peninsula,"Arch Virol 2011, 156(10):1883-90"
Rhinolophus euryale,13,0,0.00%,Negative,Iberian Peninsula,"Arch Virol 2011, 156(10):1883-90"
Rhinolophus ferrumequinum,8,0,0.00%,Negative,Iberian Peninsula,"Arch Virol 2011, 156(10):1883-90"
Rhinolophus hipposideros,4,0,0.00%,Negative,Iberian Peninsula,"Arch Virol 2011, 156(10):1883-90"
Rhinolophus mehelyi,1,0,0.00%,Negative,Iberian Peninsula,"Arch Virol 2011, 156(10):1883-90"
Taphozous sp.,148,0,0.00%,Negative,Laos & Combodia,"Infect Genet Evol 2016, 48:10-18; Virus Evol 2017, 3(1):vex012"
Aselliscus sp.,7,0,0.00%,Negative,Laos & Combodia,"Infect Genet Evol 2016, 48:10-18; Virus Evol 2017, 3(1):vex012"
Hipposideros sp.,55,2,3.60%,Positive,Laos & Combodia,"Infect Genet Evol 2016, 48:10-18; Virus Evol 2017, 3(1):vex012"
Megaderma sp.,21,0,0.00%,Negative,Laos & Combodia,"Infect Genet Evol 2016, 48:10-18; Virus Evol 2017, 3(1):vex012"
Cynopterus sp.,341,15,4.40%,Positive,Laos & Combodia,"Infect Genet Evol 2016, 48:10-18; Virus Evol 2017, 3(1):vex012"
Eonycteris spelaea,89,10,11.20%,Positive,Laos & Combodia,"Infect Genet Evol 2016, 48:10-18; Virus Evol 2017, 3(1):vex012"
Macroglossus sp.,28,4,14.30%,Positive,Laos & Combodia,"Infect Genet Evol 2016, 48:10-18; Virus Evol 2017, 3(1):vex012"
Megaerops niphanae,130,1,0.80%,Positive,Laos & Combodia,"Infect Genet Evol 2016, 48:10-18; Virus Evol 2017, 3(1):vex012"
Megaerops sp.,12,0,0.00%,Negative,Laos & Combodia,"Infect Genet Evol 2016, 48:10-18; Virus Evol 2017, 3(1):vex012"
Pteropus sp.,10,0,0.00%,Negative,Laos & Combodia,"Infect Genet Evol 2016, 48:10-18; Virus Evol 2017, 3(1):vex012"
Rousettus sp.,514,25,4.90%,Positive,Laos & Combodia,"Infect Genet Evol 2016, 48:10-18; Virus Evol 2017, 3(1):vex012"
Rhinolophus sp.,154,1,0.60%,Positive,Laos & Combodia,"Infect Genet Evol 2016, 48:10-18; Virus Evol 2017, 3(1):vex012"
Harpiocephalus sp.,1,0,0.00%,Negative,Laos & Combodia,"Infect Genet Evol 2016, 48:10-18; Virus Evol 2017, 3(1):vex012"
Ia io,32,0,0.00%,Negative,Laos & Combodia,"Infect Genet Evol 2016, 48:10-18; Virus Evol 2017, 3(1):vex012"
Myotis horsfieldii,50,2,4.00%,Positive,Laos & Combodia,"Infect Genet Evol 2016, 48:10-18; Virus Evol 2017, 3(1):vex012"
Myotis ricketti,5,0,0.00%,Negative,Laos & Combodia,"Infect Genet Evol 2016, 48:10-18; Virus Evol 2017, 3(1):vex012"
Pipistrellus coromandra,29,2,6.90%,Positive,Laos & Combodia,"Infect Genet Evol 2016, 48:10-18; Virus Evol 2017, 3(1):vex012"
Scotophilus sp.,338,31,9.20%,Positive,Laos & Combodia,"Infect Genet Evol 2016, 48:10-18; Virus Evol 2017, 3(1):vex012"
Tylonycteris sp.,1,0,0.00%,Negative,Laos & Combodia,"Infect Genet Evol 2016, 48:10-18; Virus Evol 2017, 3(1):vex012"
Miniopterus schreibersii,14,1,7.10%,Positive,France,"Virology 2018, 517:88-97"
Miniopterus schreibersii,28,3,10.70%,Positive,Spain,"Virology 2018, 517:88-97"
Miniopterus maghrebensis,7,0,0.00%,Negative,Morocco,"Virology 2018, 517:88-97"
Tadarida teniotis,8,1,12.50%,Positive,Spain,"Virology 2018, 517:88-97"
Rhinolophus euryale,3,1,33.30%,Positive,Morocco,"Virology 2018, 517:88-97"
Rhinolophus ferrumequinum,882,152,17.20%,Positive,France,"Virology 2018, 517:88-97"
Rhinolophus ferrumequinum,2,0,0.00%,Negative,Morocco,"Virology 2018, 517:88-97"
Rhinolophus ferrumequinum,55,9,16.40%,Positive,Spain,"Virology 2018, 517:88-97"
Rhinolophus hipposideros,12,0,0.00%,Negative,France,"Virology 2018, 517:88-97"
Barbastella barbastellus,1,0,0.00%,Negative,France,"Virology 2018, 517:88-97"
Eptesicus serotinus,4,1,25.00%,Positive,France,"Virology 2018, 517:88-97"
Eptesicus serotinus,1,0,0.00%,Negative,Spain,"Virology 2018, 517:88-97"
Eptesicus isabellinus,2,0,0.00%,Negative,Tunisia,"Virology 2018, 517:88-97"
Hypsugo savii,1,0,0.00%,Negative,Spain,"Virology 2018, 517:88-97"
Myotis alcathoe,2,0,0.00%,Negative,France,"Virology 2018, 517:88-97"
Myotis bechsteinii,11,0,0.00%,Negative,France,"Virology 2018, 517:88-97"
Myotis blythii,3,0,0.00%,Negative,France,"Virology 2018, 517:88-97"
Myotis blythii,5,0,0.00%,Negative,Spain,"Virology 2018, 517:88-97"
Myotis capaccinii,7,0,0.00%,Negative,France,"Virology 2018, 517:88-97"
Myotis capaccinii,8,7,87.50%,Positive,Spain,"Virology 2018, 517:88-97"
Myotis daubentonii,31,3,9.70%,Positive,France,"Virology 2018, 517:88-97"
Myotis daubentonii,3,0,0.00%,Negative,Spain,"Virology 2018, 517:88-97"
Myotis emarginatus,19,0,0.00%,Negative,France,"Virology 2018, 517:88-97"
Myotis escalerai,15,0,0.00%,Negative,Spain,"Virology 2018, 517:88-97"
Myotis myotis,41,0,0.00%,Negative,France,"Virology 2018, 517:88-97"
Myotis myotis,188,27,14.40%,Positive,Spain,"Virology 2018, 517:88-97"
Myotis mystacinus,4,0,0.00%,Negative,France,"Virology 2018, 517:88-97"
Myotis nattereri,45,3,6.70%,Positive,France,"Virology 2018, 517:88-97"
Myotis punicus,3,0,0.00%,Negative,Morocco,"Virology 2018, 517:88-97"
Nyctalus leisleri,8,3,37.50%,Positive,Tunisia,"Virology 2018, 517:88-97"
Pipistrellus kuhlii,3,0,0.00%,Negative,Spain,"Virology 2018, 517:88-97"
Pipistrellus pipistrellus,22,0,0.00%,Negative,France,"Virology 2018, 517:88-97"
Pipistrellus pipistrellus,1,0,0.00%,Negative,Spain,"Virology 2018, 517:88-97"
Pipistrellus pygmaeus,1,0,0.00%,Negative,France,"Virology 2018, 517:88-97"
Plecotus austriacus,1,0,0.00%,Negative,France,"Virology 2018, 517:88-97"
Plecotus austriacus,2,0,0.00%,Negative,Spain,"Virology 2018, 517:88-97"
Rhinolophus ferrumequinum,74,1,1.40%,Positive,France,"Virology 2018, 517:88-97"
Miniopterus schreibersii,27,1,3.70%,Positive,Spain,"Virology 2018, 517:88-97"
Rhinolophus ferrumequinum,77,3,3.90%,Positive,China,"J Virol 2014, 88(12):7070-7082"
Rhinolophus affinis,11,2,18.20%,Positive,China,"J Virol 2014, 88(12):7070-7082"
Rhinolophus hipposideros,11,1,9.10%,Positive,China,"J Virol 2014, 88(12):7070-7082"
Myotis daubentonii,86,7,8.10%,Positive,China,"J Virol 2014, 88(12):7070-7082"
Myotis davidii,83,11,13.30%,Positive,China,"J Virol 2014, 88(12):7070-7082"
Pteropus medius,508,21,4.10%,Positive,India,"Indian J Med Res 2020, 151(2 & 3):226-235"
Rousettus leschenaultii,78,4,5.10%,Positive,India,"Indian J Med Res 2020, 151(2 & 3):226-235"
Myotis blythii,200,25,12.50%,Positive,Kazakhstan,"Viruses 2019, 11(4):pii: E356"
Rhinolophus ferrumequinum,2,0,0.00%,Negative,France,"Viruses 2017, 9(12):pii: E364"
Rhinolophus hipposideros,8,0,0.00%,Negative,France,"Viruses 2017, 9(12):pii: E364"
Rhinolophus euryale,3,0,0.00%,Negative,France,"Viruses 2017, 9(12):pii: E364"
Barbastella barbastellus,4,0,0.00%,Negative,France,"Viruses 2017, 9(12):pii: E364"
Myotis myotis,1,0,0.00%,Negative,France,"Viruses 2017, 9(12):pii: E364"
Myotis blythii,1,0,0.00%,Negative,France,"Viruses 2017, 9(12):pii: E364"
Myotis mystacinus,5,0,0.00%,Negative,France,"Viruses 2017, 9(12):pii: E364"
Myotis emarginatus,13,2,15.40%,Positive,France,"Viruses 2017, 9(12):pii: E364"
Myotis bechsteinii,3,0,0.00%,Negative,France,"Viruses 2017, 9(12):pii: E364"
Myotis daubentonii,2,0,0.00%,Negative,France,"Viruses 2017, 9(12):pii: E364"
Myotis nattereri,1,1,100.00%,Positive,France,"Viruses 2017, 9(12):pii: E364"
Myotis sp.,1,0,0.00%,Negative,France,"Viruses 2017, 9(12):pii: E364"
Nyctalus noctula,2,0,0.00%,Negative,France,"Viruses 2017, 9(12):pii: E364"
Nyctalus leisleri,15,0,0.00%,Negative,France,"Viruses 2017, 9(12):pii: E364"
Plecotus austriacus,10,0,0.00%,Negative,France,"Viruses 2017, 9(12):pii: E364"
Plecotus auritus,15,0,0.00%,Negative,France,"Viruses 2017, 9(12):pii: E364"
Pipistrellus pipistrellus,247,5,2.00%,Positive,France,"Viruses 2017, 9(12):pii: E364"
Pipistrellus kuhlii,40,0,0.00%,Negative,France,"Viruses 2017, 9(12):pii: E364"
Pipistrellus nathusii,27,0,0.00%,Negative,France,"Viruses 2017, 9(12):pii: E364"
Pipistrellus pygmaeus,23,0,0.00%,Negative,France,"Viruses 2017, 9(12):pii: E364"
Pipistrellus sp.,38,2,5.30%,Positive,France,"Viruses 2017, 9(12):pii: E364"
Vespertilio murinus,2,0,0.00%,Negative,France,"Viruses 2017, 9(12):pii: E364"
Eptesicus serotinus,26,0,0.00%,Negative,France,"Viruses 2017, 9(12):pii: E364"
Eptesicus nilssonii,1,0,0.00%,Negative,France,"Viruses 2017, 9(12):pii: E364"
Miniopterus schreibersii,5,2,40.00%,Positive,France,"Viruses 2017, 9(12):pii: E364"
Cynomops abrasus,11,3,27.30%,Positive,Brazil,"Virol J 2016, 13:110"
Cynomops planirostris,5,3,60.00%,Positive,Brazil,"Virol J 2016, 13:110"
Desmodus rotundus,41,1,2.40%,Positive,Brazil,"Virol J 2016, 13:110"
Glossophaga soricina,33,1,3.00%,Positive,Brazil,"Virol J 2016, 13:110"
Platyrrhinus lineatus,12,1,8.30%,Positive,Brazil,"Virol J 2016, 13:110"
Miniopterus fuliginosus,60,7,11.70%,Positive,Japan,"Virus Genes 2012, 44(1):40-4"
Taphozous perforatus,297,3,1.00%,Positive,Saudi Arabia,"Emerg Infect Dis 2013, 19(11):1819-23"
Eidolon helvum,82,5,6.10%,Positive,Saudi Arabia,"Emerg Infect Dis 2013, 19(11):1819-23"
Rousettus aegyptiacus,9,0,0.00%,Negative,Saudi Arabia,"Emerg Infect Dis 2013, 19(11):1819-23"
Rhinopoma microphyllum,2,0,0.00%,Negative,Saudi Arabia,"Emerg Infect Dis 2013, 19(11):1819-23"
Eptesicus bottae,35,0,0.00%,Negative,Saudi Arabia,"Emerg Infect Dis 2013, 19(11):1819-23"
Pipistrellus kuhlii,279,126,45.20%,Positive,Saudi Arabia,"Emerg Infect Dis 2013, 19(11):1819-23"
Rhinopoma hardwickii,299,93,31.10%,Positive,Saudi Arabia,"Emerg Infect Dis 2013, 19(11):1819-23"
Rhinolophus ferrumequinum,25,2,8.00%,Positive,Korea,"Transbound Emerg Dis 2016, 63(4):365-72"
Myotis aurascens Kuzyakin,9,0,0.00%,Negative,Korea,"Transbound Emerg Dis 2016, 63(4):365-72"
Miniopterus schreibersii,4,2,50.00%,Positive,Korea,"Transbound Emerg Dis 2016, 63(4):365-72"
Rhinolophus sinicus,334,89,26.60%,Positive,"Zhejiang, China","Emerg Microbes Infect 2018, 7(1):154"
Chaerephon plicatus,6,0,0.00%,Negative,China,"J Virol 2018, 92(13):pii: e00116-18"
Tadarida spp.,5,0,0.00%,Negative,China,"J Virol 2018, 92(13):pii: e00116-18"
Cynopterus sphinx,39,0,0.00%,Negative,China,"J Virol 2018, 92(13):pii: e00116-18"
Hipposideros armiger,107,0,0.00%,Negative,China,"J Virol 2018, 92(13):pii: e00116-18"
Hipposideros larvatus,28,0,0.00%,Negative,China,"J Virol 2018, 92(13):pii: e00116-18"
Hipposideros pomona,18,0,0.00%,Negative,China,"J Virol 2018, 92(13):pii: e00116-18"
Hipposideros pratti,55,0,0.00%,Negative,China,"J Virol 2018, 92(13):pii: e00116-18"
Rhinolophus luctus,3,0,0.00%,Negative,China,"J Virol 2018, 92(13):pii: e00116-18"
Rhinolophus macrotis,3,0,0.00%,Negative,China,"J Virol 2018, 92(13):pii: e00116-18"
Rhinolophus pearsonii,25,0,0.00%,Negative,China,"J Virol 2018, 92(13):pii: e00116-18"
Rhinolophus pusillus,15,0,0.00%,Negative,China,"J Virol 2018, 92(13):pii: e00116-18"
Rhinolophus rex,8,0,0.00%,Negative,China,"J Virol 2018, 92(13):pii: e00116-18"
Rhinolophus sinicus,73,0,0.00%,Negative,China,"J Virol 2018, 92(13):pii: e00116-18"
Eptesicus spp.,1,0,0.00%,Negative,China,"J Virol 2018, 92(13):pii: e00116-18"
Miniopterus schreibersii,1,0,0.00%,Negative,China,"J Virol 2018, 92(13):pii: e00116-18"
Myotis adversus,9,0,0.00%,Negative,China,"J Virol 2018, 92(13):pii: e00116-18"
Myotis altarium,2,0,0.00%,Negative,China,"J Virol 2018, 92(13):pii: e00116-18"
Myotis chinensis,21,0,0.00%,Negative,China,"J Virol 2018, 92(13):pii: e00116-18"
Myotis daubentonii,57,0,0.00%,Negative,China,"J Virol 2018, 92(13):pii: e00116-18"
Myotis longipes,17,0,0.00%,Negative,China,"J Virol 2018, 92(13):pii: e00116-18"
Myotis ricketti,47,0,0.00%,Negative,China,"J Virol 2018, 92(13):pii: e00116-18"
Myotis spp.,18,0,0.00%,Negative,China,"J Virol 2018, 92(13):pii: e00116-18"
Nyctalus plancyi,1,0,0.00%,Negative,China,"J Virol 2018, 92(13):pii: e00116-18"
Pipistrellus abramus,75,15,20.00%,Positive,"Guangdong, China","J Virol 2018, 92(13):pii: e00116-18"
Pipistrellus minus,7,1,14.30%,Positive,"Guangdong, China","J Virol 2018, 92(13):pii: e00116-18"
Pipistrellus pipistrellus,42,6,14.30%,Positive,"Guangdong, China","J Virol 2018, 92(13):pii: e00116-18"
Pipistrellus spp.,21,4,19.00%,Positive,"Guangdong, China","J Virol 2018, 92(13):pii: e00116-18"
Scotomanes ornatus,3,0,0.00%,Negative,China,"J Virol 2018, 92(13):pii: e00116-18"
Scotophilus kuhlii,3,0,0.00%,Negative,China,"J Virol 2018, 92(13):pii: e00116-18"
Tylonycteris pachypus,70,11,15.70%,Positive,"Guangxi, China","J Virol 2018, 92(13):pii: e00116-18"
Tylonycteris spp.,45,13,28.90%,Positive,"Guangdong, China","J Virol 2018, 92(13):pii: e00116-18"
Vespertilio murinus,3,0,0.00%,Negative,China,"J Virol 2018, 92(13):pii: e00116-18"
Vespertilio superans,159,34,21.40%,Positive,"Sichuan, China","J Virol 2018, 92(13):pii: e00116-18"
Myotis myotis,47,0,0.00%,Negative,Italy,"Virus Genes 2014, 48(2):366-71"
Myotis blythii,19,1,5.30%,Positive,Italy,"Virus Genes 2014, 48(2):366-71"
Eptesicus serotinus,9,1,11.10%,Positive,Italy,"Virus Genes 2014, 48(2):366-71"
Myotis ricketti,258,12,4.70%,Positive,China,"ISME J 2016, 10(3):609-20"
Rhinolophus ferrumequinum,659,52,7.90%,Positive,China,"ISME J 2016, 10(3):609-20"
Myotis myotis,76,0,0.00%,Negative,China,"ISME J 2016, 10(3):609-20"
Rhinolophus sinicus,366,26,7.10%,Positive,China,"ISME J 2016, 10(3):609-20"
Hipposideros armiger,168,0,0.00%,Negative,China,"ISME J 2016, 10(3):609-20"
Hipposideros larvatus,28,0,0.00%,Negative,China,"ISME J 2016, 10(3):609-20"
Hipposideros pomona,80,0,0.00%,Negative,China,"ISME J 2016, 10(3):609-20"
Hipposideros cineraceus,40,0,0.00%,Negative,China,"ISME J 2016, 10(3):609-20"
Ia io,128,0,0.00%,Negative,China,"ISME J 2016, 10(3):609-20"
Tylonycteris robustula,20,0,0.00%,Negative,China,"ISME J 2016, 10(3):609-20"
Rhinolophus affinis,146,0,0.00%,Negative,China,"ISME J 2016, 10(3):609-20"
Miniopterus schreibersii,240,0,0.00%,Negative,China,"ISME J 2016, 10(3):609-20"
Pipistrellus abramus,114,19,16.70%,Positive,China,"ISME J 2016, 10(3):609-20"
Rhinolophus pearsonii,84,0,0.00%,Negative,China,"ISME J 2016, 10(3):609-20"
Rhinolophus pusillus,290,12,4.10%,Positive,China,"ISME J 2016, 10(3):609-20"
Hipposideros pratti,130,12,9.20%,Positive,China,"ISME J 2016, 10(3):609-20"
Taphozous melanopogon,66,0,0.00%,Negative,China,"ISME J 2016, 10(3):609-20"
Rousettus leschenaultii,128,0,0.00%,Negative,China,"ISME J 2016, 10(3):609-20"
Cynopterus sphinx,179,0,0.00%,Negative,China,"ISME J 2016, 10(3):609-20"
Chaerephon plicatus,26,4,15.40%,Positive,China,"ISME J 2016, 10(3):609-20"
Rhinolophus lepidus,42,0,0.00%,Negative,China,"ISME J 2016, 10(3):609-20"
Myotis altarium,75,0,0.00%,Negative,China,"ISME J 2016, 10(3):609-20"
Tylonycteris pachypus,60,20,33.30%,Positive,China,"ISME J 2016, 10(3):609-20"
Plecotus auritus,46,0,0.00%,Negative,China,"ISME J 2016, 10(3):609-20"
Myotis daubentonii,119,1,0.80%,Positive,China,"ISME J 2016, 10(3):609-20"
Myotis ikonnikovi,68,0,0.00%,Negative,China,"ISME J 2016, 10(3):609-20"
Myotis davidii,12,0,0.00%,Negative,China,"ISME J 2016, 10(3):609-20"
Barbastella beijingensis,98,0,0.00%,Negative,China,"ISME J 2016, 10(3):609-20"
Murina leucogaster,106,0,0.00%,Negative,China,"ISME J 2016, 10(3):609-20"
Myotis formosus,8,0,0.00%,Negative,China,"ISME J 2016, 10(3):609-20"
Rhinolophus macrotis,86,0,0.00%,Negative,China,"ISME J 2016, 10(3):609-20"
Rhinolophus rex,16,0,0.00%,Negative,China,"ISME J 2016, 10(3):609-20"
Nyctalus velutinus,30,4,13.30%,Positive,China,"ISME J 2016, 10(3):609-20"
Vespertilio superans,85,5,5.90%,Positive,China,"ISME J 2016, 10(3):609-20"
Myotis spp.,136,2,1.50%,Positive,China,"ISME J 2016, 10(3):609-20"
Myotis siligorensis,40,0,0.00%,Negative,China,"ISME J 2016, 10(3):609-20"
Myotis pequinius,42,0,0.00%,Negative,China,"ISME J 2016, 10(3):609-20"
Rhinolophus hipposideros,48,0,0.00%,Negative,China,"ISME J 2016, 10(3):609-20"
Myotis brandtii,24,0,0.00%,Negative,China,"ISME J 2016, 10(3):609-20"
Aselliscus stoliczkanus,31,0,0.00%,Negative,China,"ISME J 2016, 10(3):609-20"
Rhinolophus rouxi,42,0,0.00%,Negative,China,"ISME J 2016, 10(3):609-20"
Miniopterus fuliginosus,250,25,10.00%,Positive,China,"ISME J 2016, 10(3):609-20"
Myotis lucifugus,174,53,30.50%,Positive,Canada,J Gen Virol. 2017 Sep; 98(9): 2297–2309.
Eonycteris spelaea,169,0,0.00%,Negative,Singapore,"Transbound Emerg Dis 2017, 64(6):1790-1800"
Cynopterus brachyotis,144,0,0.00%,Negative,Singapore,"Transbound Emerg Dis 2017, 64(6):1790-1801"
Penthetor lucasi,79,0,0.00%,Negative,Singapore,"Transbound Emerg Dis 2017, 64(6):1790-1802"
Macroglossus minimus,2,0,0.00%,Negative,Singapore,"Transbound Emerg Dis 2017, 64(6):1790-1803"
Rhinolophus lepidus,36,0,0.00%,Negative,Singapore,"Transbound Emerg Dis 2017, 64(6):1790-1804"
Myotis sp,1,0,0.00%,Negative,Singapore,"Transbound Emerg Dis 2017, 64(6):1790-1805"
Chaerephon pumilus,5,0,0.00%,Negative,South Africa,"J Gen Virol 2017, 98(9):2297-2309"
Mops condylurus,1,0,0.00%,Negative,South Africa,"J Gen Virol 2017, 98(9):2297-2310"
Tadarida aegyptiaca,3,0,0.00%,Negative,South Africa,"J Gen Virol 2017, 98(9):2297-2311"
Hipposideros caffer,4,0,0.00%,Negative,South Africa,"J Gen Virol 2017, 98(9):2297-2312"
Miniopterus natalensis,13,1,7.70%,Positive,South Africa,"J Gen Virol 2017, 98(9):2297-2313"
Nycteris thebaica,1,0,0.00%,Negative,South Africa,"J Gen Virol 2017, 98(9):2297-2314"
Rhinolophus clivosus,2,0,0.00%,Negative,South Africa,"J Gen Virol 2017, 98(9):2297-2315"
Rhinolophus darlingi,2,0,0.00%,Negative,South Africa,"J Gen Virol 2017, 98(9):2297-2316"
Neoromicia capensis,10,1,10.00%,Positive,South Africa,"J Gen Virol 2017, 98(9):2297-2317"
Neoromicia nana,6,1,16.70%,Positive,South Africa,"J Gen Virol 2017, 98(9):2297-2318"
Neoromicia cf.zuluensis,1,1,100.00%,Positive,South Africa,"J Gen Virol 2017, 98(9):2297-2319"
Scotophilus viridis,3,0,0.00%,Negative,South Africa,"J Gen Virol 2017, 98(9):2297-2320"
Rousettus aegyptiacus,12,1,8.30%,Positive,South Africa,"J Gen Virol 2017, 98(9):2297-2321"
Rhinolophus pusillus,45,7,15.60%,Positive,China,"Sci Rep 2017, 7(1):10917"
Myotis formosus,25,0,0.00%,Negative,China,"Sci Rep 2017, 7(1):10918"
Rhinolophus pusillus,14,0,0.00%,Negative,China,"Sci Rep 2017, 7(1):10919"
Myotis davidii,10,0,0.00%,Negative,China,"Sci Rep 2017, 7(1):10920"
Rhinolophus pusillus,19,0,0.00%,Negative,China,"Sci Rep 2017, 7(1):10921"
Scotophilus kuhlii,8,0,0.00%,Negative,China,"Sci Rep 2017, 7(1):10922"
Rhinolophus pusillus,44,3,6.80%,Positive,China,"Sci Rep 2017, 7(1):10923"
Rhinolophus ferrumequinum,11,2,18.20%,Positive,China,"Sci Rep 2017, 7(1):10924"
Rhinolophus pusillus,35,4,11.40%,Positive,China,"Sci Rep 2017, 7(1):10925"
Rhinolophus pusillus,24,0,0.00%,Negative,China,"Sci Rep 2017, 7(1):10926"
Rhinolophus sinicus,24,2,8.30%,Positive,China,"J Gen Virol 2010, 91(Pt 4):1058-62"
Artibeus lituratus,16,0,0.00%,Negative,Brazil,"Emerg Infect Dis 2013, 19(10):1711-3"
Carollia perspicillata,17,0,0.00%,Negative,Brazil,"Emerg Infect Dis 2013, 19(10):1711-4"
Desmodus rotundus,20,0,0.00%,Negative,Brazil,"Emerg Infect Dis 2013, 19(10):1711-5"
Eumops glaucinus,11,0,0.00%,Negative,Brazil,"Emerg Infect Dis 2013, 19(10):1711-6"
Eumops perotis,1,0,0.00%,Negative,Brazil,"Emerg Infect Dis 2013, 19(10):1711-7"
Glossophaga soricina,4,0,0.00%,Negative,Brazil,"Emerg Infect Dis 2013, 19(10):1711-8"
Molossus molossus,8,1,12.50%,Positive,Brazil,"Emerg Infect Dis 2013, 19(10):1711-9"
Molossus rufus,17,1,5.90%,Positive,Brazil,"Emerg Infect Dis 2013, 19(10):1711-10"
Myotis nigricans,1,0,0.00%,Negative,Brazil,"Emerg Infect Dis 2013, 19(10):1711-11"
Noctilio albiventris,2,0,0.00%,Negative,Brazil,"Emerg Infect Dis 2013, 19(10):1711-12"
Artibeus jamaicensis,2,0,0.00%,Negative,Mexico,"Emerg Infect Dis 2013, 19(10):1711-13"
Artibeus phaeotis,2,0,0.00%,Negative,Mexico,"Emerg Infect Dis 2013, 19(10):1711-14"
Balantiopteryx plicata,8,0,0.00%,Negative,Mexico,"Emerg Infect Dis 2013, 19(10):1711-15"
Desmodus rotundus,26,0,0.00%,Negative,Mexico,"Emerg Infect Dis 2013, 19(10):1711-16"
Glossophaga soricina,9,0,0.00%,Negative,Mexico,"Emerg Infect Dis 2013, 19(10):1711-17"
Lasiurus cinereus,6,0,0.00%,Negative,Mexico,"Emerg Infect Dis 2013, 19(10):1711-18"
Mormoops megalophylla,6,0,0.00%,Negative,Mexico,"Emerg Infect Dis 2013, 19(10):1711-19"
Pteronotus davyi,4,1,25.00%,Positive,Mexico,"Emerg Infect Dis 2013, 19(10):1711-20"
Pteronotus parnellii,6,0,0.00%,Negative,Mexico,"Emerg Infect Dis 2013, 19(10):1711-21"
Pteronotus personatus,4,0,0.00%,Negative,Mexico,"Emerg Infect Dis 2013, 19(10):1711-22"
Sturnira lilium,1,0,0.00%,Negative,Mexico,"Emerg Infect Dis 2013, 19(10):1711-23"
Sturnira ludovici,1,0,0.00%,Negative,Mexico,"Emerg Infect Dis 2013, 19(10):1711-24"
Cynopterus sphinx,3,0,0.00%,Negative,China,"Viruses 2019, 11(5):pii: E423"
Hipposideros armiger,3,0,0.00%,Negative,China,"Viruses 2019, 11(5):pii: E424"
Hipposideros larvatus,21,0,0.00%,Negative,China,"Viruses 2019, 11(5):pii: E425"
Hipposideros pomona,182,2,1.10%,Positive,China,"Viruses 2019, 11(5):pii: E426"
Hypsugo pulveratus,2,0,0.00%,Negative,China,"Viruses 2019, 11(5):pii: E427"
Miniopterus magnater,1,0,0.00%,Negative,China,"Viruses 2019, 11(5):pii: E428"
Miniopterus pusillus,56,0,0.00%,Negative,China,"Viruses 2019, 11(5):pii: E429"
Miniopterus schreibersii,23,0,0.00%,Negative,China,"Viruses 2019, 11(5):pii: E430"
Miniopterus fuliginosus,1,0,0.00%,Negative,China,"Viruses 2019, 11(5):pii: E431"
Myotis chinensis,10,0,0.00%,Negative,China,"Viruses 2019, 11(5):pii: E432"
Myotis ricketti,93,1,1.10%,Positive,China,"Viruses 2019, 11(5):pii: E433"
Nyctalus noctula,1,0,0.00%,Negative,China,"Viruses 2019, 11(5):pii: E434"
Pipistrellus abramus,6,0,0.00%,Negative,China,"Viruses 2019, 11(5):pii: E435"
Pipistrellus tenuis,4,0,0.00%,Negative,China,"Viruses 2019, 11(5):pii: E436"
Rhinolophus affinis,76,0,0.00%,Negative,China,"Viruses 2019, 11(5):pii: E437"
Rhinolophus pearsonii,2,0,0.00%,Negative,China,"Viruses 2019, 11(5):pii: E438"
Rhinolophus pusillus,17,0,0.00%,Negative,China,"Viruses 2019, 11(5):pii: E439"
Rhinolophus sinicus,272,10,3.70%,Positive,China,"Viruses 2019, 11(5):pii: E440"
Tylonycteris pachypus,240,18,7.50%,Positive,China,"Viruses 2019, 11(5):pii: E441"
Tylonycteris robustula,104,1,1.00%,Positive,China,"Viruses 2019, 11(5):pii: E442"
Eptesicus hottentotus,2,0,0.00%,Negative,South Africa,"Vector Borne Zoonotic Dis 2013, 13(7):516-9"
Epomophorus wahlbergi,11,0,0.00%,Negative,South Africa,"Vector Borne Zoonotic Dis 2013, 13(7):516-10"
Epomophorus gambianus,1,0,0.00%,Negative,South Africa,"Vector Borne Zoonotic Dis 2013, 13(7):516-11"
Glauconycteris variegata,1,0,0.00%,Negative,South Africa,"Vector Borne Zoonotic Dis 2013, 13(7):516-12"
Hipposideros caffer,2,0,0.00%,Negative,South Africa,"Vector Borne Zoonotic Dis 2013, 13(7):516-13"
Miniopterus natalensis,14,1,7.10%,Positive,South Africa,"Vector Borne Zoonotic Dis 2013, 13(7):516-14"
Mops condylurus,2,0,0.00%,Negative,South Africa,"Vector Borne Zoonotic Dis 2013, 13(7):516-15"
Mops midas,2,1,50.00%,Positive,South Africa,"Vector Borne Zoonotic Dis 2013, 13(7):516-16"
Chaerephon spp,1,0,0.00%,Negative,South Africa,"Vector Borne Zoonotic Dis 2013, 13(7):516-17"
Chaerephon pumilus,3,0,0.00%,Negative,South Africa,"Vector Borne Zoonotic Dis 2013, 13(7):516-18"
Tadarida aegyptiaca,4,0,0.00%,Negative,South Africa,"Vector Borne Zoonotic Dis 2013, 13(7):516-19"
Molossidae bats,3,0,0.00%,Negative,South Africa,"Vector Borne Zoonotic Dis 2013, 13(7):516-20"
Neoromicia capensis,10,1,10.00%,Positive,South Africa,"Vector Borne Zoonotic Dis 2013, 13(7):516-21"
Neuromicia nana,7,0,0.00%,Negative,South Africa,"Vector Borne Zoonotic Dis 2013, 13(7):516-22"
Neuromicia helios,2,0,0.00%,Negative,South Africa,"Vector Borne Zoonotic Dis 2013, 13(7):516-23"
Neoromicia zuluensis,1,0,0.00%,Negative,South Africa,"Vector Borne Zoonotic Dis 2013, 13(7):516-24"
Neoromicia spp,2,0,0.00%,Negative,South Africa,"Vector Borne Zoonotic Dis 2013, 13(7):516-25"
Nycticeinops schlieffenii,7,0,0.00%,Negative,South Africa,"Vector Borne Zoonotic Dis 2013, 13(7):516-26"
Nycteris thebaica,2,0,0.00%,Negative,South Africa,"Vector Borne Zoonotic Dis 2013, 13(7):516-27"
Rhinolophus denti,5,0,0.00%,Negative,South Africa,"Vector Borne Zoonotic Dis 2013, 13(7):516-28"
Rhinolophus capensis,1,0,0.00%,Negative,South Africa,"Vector Borne Zoonotic Dis 2013, 13(7):516-29"
Rhinolophus darlingi damarensis,1,0,0.00%,Negative,South Africa,"Vector Borne Zoonotic Dis 2013, 13(7):516-30"
Rhinolophus landeri,1,0,0.00%,Negative,South Africa,"Vector Borne Zoonotic Dis 2013, 13(7):516-31"
Rhinolophus spp,2,0,0.00%,Negative,South Africa,"Vector Borne Zoonotic Dis 2013, 13(7):516-32"
Rousettus aegyptiacus,3,0,0.00%,Negative,South Africa,"Vector Borne Zoonotic Dis 2013, 13(7):516-33"
Scotophilus dinganii,9,0,0.00%,Negative,South Africa,"Vector Borne Zoonotic Dis 2013, 13(7):516-34"
Scotophilus leucogaster,2,0,0.00%,Negative,South Africa,"Vector Borne Zoonotic Dis 2013, 13(7):516-35"
Scotophilus viridis,1,0,0.00%,Negative,South Africa,"Vector Borne Zoonotic Dis 2013, 13(7):516-36"
Scotophilus spp,7,0,0.00%,Negative,South Africa,"Vector Borne Zoonotic Dis 2013, 13(7):516-37"
Insectivorous bat species,4,0,0.00%,Negative,South Africa,"Vector Borne Zoonotic Dis 2013, 13(7):516-38"
Minopterus magnater,20,0,0.00%,Negative,Hong Kong,"J Gen Virol 2006, 87(Pt 9):2461-6"
Miniopterus pusillus,10,2,20.00%,Positive,Hong Kong,"J Gen Virol 2006, 87(Pt 9):2461-6"
Eidolon helvum,24,3,12.50%,Positive,Saudi Arabia,"PLoS One 2019, 14(4):e0214227"
Eptesicus fuscus,494,61,12.30%,Positive,United States,"PLoS One 2011, 6(5):e19156"
Myotis evotis,52,1,1.90%,Positive,United States,"PLoS One 2011, 6(5):e19157"
Myotis lucifugus,31,1,3.20%,Positive,United States,"PLoS One 2011, 6(5):e19158"
Myotis volans,147,12,8.20%,Positive,United States,"PLoS One 2011, 6(5):e19159"
Pipistrellus kuhlii,7,0,0.00%,Negative,Europe,"Emerg Infect Dis 2013, 19(3):456-9"
Pipistrellus nathusii,82,30,36.60%,Positive,Europe,"Emerg Infect Dis 2013, 19(3):456-10"
Pipistrellus pipistrellus,42,1,2.40%,Positive,Europe,"Emerg Infect Dis 2013, 19(3):456-11"
Pipistrellus pygmaeus,141,9,6.40%,Positive,Europe,"Emerg Infect Dis 2013, 19(3):456-12"
Coleura afra,108,0,0.00%,Negative,Ghana,"Emerg Infect Dis 2013, 19(3):456-13"
Hipposideros abae,604,0,0.00%,Negative,Ghana,"Emerg Infect Dis 2013, 19(3):456-14"
Hipposideros gigas,28,0,0.00%,Negative,Ghana,"Emerg Infect Dis 2013, 19(3):456-15"
Hipposideros fuliginosus,1,0,0.00%,Negative,Ghana,"Emerg Infect Dis 2013, 19(3):456-16"
Hipposideros jonesi,31,0,0.00%,Negative,Ghana,"Emerg Infect Dis 2013, 19(3):456-17"
Hipposideros ruber,3763,0,0.00%,Negative,Ghana,"Emerg Infect Dis 2013, 19(3):456-18"
Nycteris gambiensis,185,46,24.90%,Positive,Ghana,"Emerg Infect Dis 2013, 19(3):456-19"
Rhinolophus alcyone,4,0,0.00%,Negative,Ghana,"Emerg Infect Dis 2013, 19(3):456-20"
Rhinolophus landeri,13,0,0.00%,Negative,Ghana,"Emerg Infect Dis 2013, 19(3):456-21"
Taphozous perforatus,21,0,0.00%,Negative,Ghana,"Emerg Infect Dis 2013, 19(3):456-22"
Rousettus leschenaultii,416,3,0.70%,Positive,Hong Kong,"J Virol 2012, 86(21):11906-18"
Hipposideros pomona,524,3,0.60%,Positive,Hong Kong,"J Virol 2012, 86(21):11906-19"
Miniopterus fuliginosus,194,28,14.40%,Positive,China,"Sci China Life Sci 2016, 59(6):604-14"
Molossus molossus,150,29,19.30%,Positive,Brazil,"Virus Genes 2013, 47(1):164-7"
Eptesicus fuscus,129,3,2.30%,Positive,United States,"J Virol 2010, 84(24):13004-18"
Rhinolophus sinicus,37,4,10.80%,Positive,China,"Nature 2018, 556(7700):255-258"
Rhinolophus affinis,59,27,45.80%,Positive,China,"Nature 2018, 556(7700):255-259"
Rhinolophus macrotis,15,0,0.00%,Negative,China,"Nature 2018, 556(7700):255-260"
Rhinolophus pusillus,1,0,0.00%,Negative,China,"Nature 2018, 556(7700):255-261"
Hipposideros pomona,2,0,0.00%,Negative,China,"Nature 2018, 556(7700):255-262"
Myotis reicketti,84,0,0.00%,Negative,China,"Nature 2018, 556(7700):255-263"
Rhinolophus sinicus,55,1,1.80%,Positive,China,"Nature 2018, 556(7700):255-264"
Rhinolophus pusillus,28,0,0.00%,Negative,China,"Nature 2018, 556(7700):255-265"
Hipposideros pomona,38,0,0.00%,Negative,China,"Nature 2018, 556(7700):255-266"
Rhinolophus hipposideros,6,0,0.00%,Negative,Europe,"J Virol 2010, 84(21):11336-49"
Myotis bechsteinii,32,0,0.00%,Negative,Europe,"J Virol 2010, 84(21):11336-49"
Barbastella barbastellus,12,0,0.00%,Negative,Europe,"J Virol 2010, 84(21):11336-49"
Myotis daubentonii,7,0,0.00%,Negative,Europe,"J Virol 2010, 84(21):11336-49"
Myotis emarginatus,5,0,0.00%,Negative,Europe,"J Virol 2010, 84(21):11336-49"
Myotis myotis,3,0,0.00%,Negative,Europe,"J Virol 2010, 84(21):11336-49"
Nyctalus leisleri,3,1,33.30%,Positive,Europe,"J Virol 2010, 84(21):11336-49"
Pipistrellus pygmaeus,2,0,0.00%,Negative,Europe,"J Virol 2010, 84(21):11336-49"
Myotis alcathoe,2,0,0.00%,Negative,Europe,"J Virol 2010, 84(21):11336-49"
Plecotus auritus,2,0,0.00%,Negative,Europe,"J Virol 2010, 84(21):11336-49"
Myotis nattereri,1,0,0.00%,Negative,Europe,"J Virol 2010, 84(21):11336-49"
Myotis mystacinus,1,0,0.00%,Negative,Europe,"J Virol 2010, 84(21):11336-49"
Myotis oxygnathus,1,0,0.00%,Negative,Europe,"J Virol 2010, 84(21):11336-49"
Myotis capaccinii,1,0,0.00%,Negative,Europe,"J Virol 2010, 84(21):11336-49"
Cynopterus sphinx,26,0,0.00%,Negative,China,"J Virol 2013, 87(15):8638-50"
Rousettus leschenaultii,73,0,0.00%,Negative,China,"J Virol 2013, 87(15):8638-50"
Hipposideros armiger,198,0,0.00%,Negative,China,"J Virol 2013, 87(15):8638-50"
Hipposideros armiger,642,0,0.00%,Negative,China,"J Virol 2013, 87(15):8638-50"
Rhinolophus affinus,359,0,0.00%,Negative,China,"J Virol 2013, 87(15):8638-50"
Rhinolophus pusillus,89,0,0.00%,Negative,China,"J Virol 2013, 87(15):8638-50"
Rhinolophus sinicus,2012,0,0.00%,Negative,China,"J Virol 2013, 87(15):8638-50"
Hypsugo pulveratus,1,0,0.00%,Negative,China,"J Virol 2013, 87(15):8638-50"
Miniopterus magnater,15,0,0.00%,Negative,China,"J Virol 2013, 87(15):8638-50"
Miniopterus pusillus,450,0,0.00%,Negative,China,"J Virol 2013, 87(15):8638-50"
Miniopterus schreibersii,758,0,0.00%,Negative,China,"J Virol 2013, 87(15):8638-50"
Myotis chinensis,122,0,0.00%,Negative,China,"J Virol 2013, 87(15):8638-50"
Myotis horsfieldii,7,0,0.00%,Negative,China,"J Virol 2013, 87(15):8638-50"
Myotis muricola,4,0,0.00%,Negative,China,"J Virol 2013, 87(15):8638-50"
Myotis ricketti,307,0,0.00%,Negative,China,"J Virol 2013, 87(15):8638-50"
Nyctalus noctula,54,0,0.00%,Negative,China,"J Virol 2013, 87(15):8638-50"
Pipistrellus abramus,219,55,25.10%,Positive,China,"J Virol 2013, 87(15):8638-50"
Pipistrellus tenuis,11,0,0.00%,Negative,China,"J Virol 2013, 87(15):8638-50"
Scotophilus kuhlii,18,0,0.00%,Negative,China,"J Virol 2013, 87(15):8638-50"
Tylonycteris pachypus,115,29,25.20%,Positive,China,"J Virol 2013, 87(15):8638-50"
Tylonycteris robustula,1,0,0.00%,Negative,China,"J Virol 2013, 87(15):8638-50"
Coelops frithii,2,0,0.00%,Negative,Taiwan,"Zoonoses Public Health 2016, 63(8):608-615"
Hipposideros armiger,12,2,16.70%,Positive,Taiwan,"Zoonoses Public Health 2016, 63(8):608-615"
Rhinolophus monoceros,84,28,33.30%,Positive,Taiwan,"Zoonoses Public Health 2016, 63(8):608-615"
Miniopterus fuliginosus,78,18,23.10%,Positive,Taiwan,"Zoonoses Public Health 2016, 63(8):608-615"
Barbastella darjelingesis,2,0,0.00%,Negative,Taiwan,"Zoonoses Public Health 2016, 63(8):608-615"
Harpiola isodon,2,0,0.00%,Negative,Taiwan,"Zoonoses Public Health 2016, 63(8):608-615"
Kerivoula titania,16,2,12.50%,Positive,Taiwan,"Zoonoses Public Health 2016, 63(8):608-615"
Murina gracilis,2,0,0.00%,Negative,Taiwan,"Zoonoses Public Health 2016, 63(8):608-615"
Murina puta,19,0,0.00%,Negative,Taiwan,"Zoonoses Public Health 2016, 63(8):608-615"
Murina recondita,7,2,28.60%,Positive,Taiwan,"Zoonoses Public Health 2016, 63(8):608-615"
Myotis fimbriatus,26,6,23.10%,Positive,Taiwan,"Zoonoses Public Health 2016, 63(8):608-615"
Myotis laniger,3,0,0.00%,Negative,Taiwan,"Zoonoses Public Health 2016, 63(8):608-615"
Myotis rufoniger,3,0,0.00%,Negative,Taiwan,"Zoonoses Public Health 2016, 63(8):608-615"
Myotis secundus,15,0,0.00%,Negative,Taiwan,"Zoonoses Public Health 2016, 63(8):608-615"
Pipistrellus abramus,2,0,0.00%,Negative,Taiwan,"Zoonoses Public Health 2016, 63(8):608-615"
Pipistrellus montanus,3,0,0.00%,Negative,Taiwan,"Zoonoses Public Health 2016, 63(8):608-615"
Pipistrellus taiwanensis,5,0,0.00%,Negative,Taiwan,"Zoonoses Public Health 2016, 63(8):608-615"
Plecotus taivanus,9,1,11.10%,Positive,Taiwan,"Zoonoses Public Health 2016, 63(8):608-615"
Scotophilus kuhlii,76,32,42.10%,Positive,Taiwan,"Zoonoses Public Health 2016, 63(8):608-615"
Submyotodon latirostris,3,1,33.30%,Positive,Taiwan,"Zoonoses Public Health 2016, 63(8):608-615"
Scotophilus kuhlii,34,8,23.50%,Positive,Taiwan,"Zoonoses Public Health 2016, 63(8):608-615"
Myotis formosus flavus,30,3,10.00%,Positive,Taiwan,"Zoonoses Public Health 2016, 63(8):608-615"
Pipistrellus kuhlii,96,9,9.40%,Positive,Italy,"Viruses 2013, 5(11):2679-89"
Pipistrellus spp.,78,2,2.60%,Positive,Italy,"Viruses 2013, 5(11):2679-89"
Tadarida teniotis,3,0,0.00%,Negative,Italy,"Viruses 2013, 5(11):2679-89"
Nyctalus noctula,3,1,33.30%,Positive,Italy,"Viruses 2013, 5(11):2679-89"
Hypsugo savii,3,1,33.30%,Positive,Italy,"Viruses 2013, 5(11):2679-89"
Plecotus auritus,3,0,0.00%,Negative,Italy,"Viruses 2013, 5(11):2679-89"
Vespertilio murinus,3,0,0.00%,Negative,Italy,"Viruses 2013, 5(11):2679-89"
Rhinolophus hipposideros,6,3,50.00%,Positive,Italy,"Viruses 2013, 5(11):2679-89"
Cynopterus sphinx,2,0,0.00%,Negative,Hong Kong,"Virology 2006, 351(1):180-7"
Hipposideros armiger,13,0,0.00%,Negative,Hong Kong,"Virology 2006, 351(1):180-7"
Hipposideros pomona,18,0,0.00%,Negative,Hong Kong,"Virology 2006, 351(1):180-7"
Miniopterus magnater,51,1,2.00%,Positive,Hong Kong,"Virology 2006, 351(1):180-7"
Miniopterus pusillus,25,4,16.00%,Positive,Hong Kong,"Virology 2006, 351(1):180-7"
Myotis chinensis,8,0,0.00%,Negative,Hong Kong,"Virology 2006, 351(1):180-7"
Myotis ricketti,23,1,4.30%,Positive,Hong Kong,"Virology 2006, 351(1):180-7"
Nyctalus noctula,7,0,0.00%,Negative,Hong Kong,"Virology 2006, 351(1):180-7"
Pipistrellus abramus,14,4,28.60%,Positive,Hong Kong,"Virology 2006, 351(1):180-7"
Rhinolophus affinus,7,0,0.00%,Negative,Hong Kong,"Virology 2006, 351(1):180-7"
Rhinolophus sinicus,118,23,19.50%,Positive,Hong Kong,"Virology 2006, 351(1):180-7"
Rousettus leschenaultii,2,0,0.00%,Negative,Hong Kong,"Virology 2006, 351(1):180-7"
Tylonycteris pachypus,21,4,19.00%,Positive,Hong Kong,"Virology 2006, 351(1):180-7"
Rhinolophus sinicus,14,1,7.10%,Positive,China,"PLoS Pathog 2017, 13(11):e1006698"
Rhinolophus sinicus,8,3,37.50%,Positive,China,"PLoS Pathog 2017, 13(11):e1006698"
Rhinolophus sinicus,54,9,16.70%,Positive,China,"PLoS Pathog 2017, 13(11):e1006698"
Rhinolophus sinicus,52,21,40.40%,Positive,China,"PLoS Pathog 2017, 13(11):e1006698"
Rhinolophus sinicus,115,9,7.80%,Positive,China,"PLoS Pathog 2017, 13(11):e1006698"
Rhinolophus sinicus,19,4,21.10%,Positive,China,"PLoS Pathog 2017, 13(11):e1006698"
Rhinolophus sinicus,25,6,24.00%,Positive,China,"PLoS Pathog 2017, 13(11):e1006698"
Tadarida brasiliensis,1,0,0.00%,Negative,North America,"Emerg Infect Dis 2007, 13(9):1295-300"
Myotis occultus,8,1,12.50%,Positive,North America,"Emerg Infect Dis 2007, 13(9):1295-300"
Eptesicus fuscus,21,1,4.80%,Positive,North America,"Emerg Infect Dis 2007, 13(9):1295-300"
Myotis ciliolabrum,1,0,0.00%,Negative,North America,"Emerg Infect Dis 2007, 13(9):1295-300"
Myotis evotis,1,0,0.00%,Negative,North America,"Emerg Infect Dis 2007, 13(9):1295-300"
Eptesicus fuscus,4,0,0.00%,Negative,North America,"Emerg Infect Dis 2007, 13(9):1295-300"
Myotis evotis,3,0,0.00%,Negative,North America,"Emerg Infect Dis 2007, 13(9):1295-300"
Lasionycteris noctivagans,2,0,0.00%,Negative,North America,"Emerg Infect Dis 2007, 13(9):1295-300"
Myotis volans,7,0,0.00%,Negative,North America,"Emerg Infect Dis 2007, 13(9):1295-300"
Tadarida brasiliensis,1,0,0.00%,Negative,North America,"Emerg Infect Dis 2007, 13(9):1295-300"
Myotis occultus,8,4,50.00%,Positive,North America,"Emerg Infect Dis 2007, 13(9):1295-300"
Pipistrellus pipistrellus,118,5,4.20%,Positive,France,"Viruses 2015, 7(12):6279-90"
Barbastella barbastellus,24,0,0.00%,Negative,France,"Viruses 2015, 7(12):6279-90"
Myotis myotis,10,0,0.00%,Negative,France,"Viruses 2015, 7(12):6279-90"
Eptesicus serotinus,10,0,0.00%,Negative,France,"Viruses 2015, 7(12):6279-90"
Cynopterus brachyotis,4,2,50.00%,Positive,Philippines,"Emerg Infect Dis 2010, 16(8):1217-23"
Eonycteris spelaea,3,2,66.70%,Positive,Philippines,"Emerg Infect Dis 2010, 16(8):1217-23"
Ptenochirus jagori,14,11,78.60%,Positive,Philippines,"Emerg Infect Dis 2010, 16(8):1217-23"
Cynopterus brachyotis,1,1,100.00%,Positive,Philippines,"Emerg Infect Dis 2010, 16(8):1217-23"
Eonycteris spelaea,1,1,100.00%,Positive,Philippines,"Emerg Infect Dis 2010, 16(8):1217-23"
Ptenochirus jagori,1,0,0.00%,Negative,Philippines,"Emerg Infect Dis 2010, 16(8):1217-23"
Eonycteris spelaea,1,1,100.00%,Positive,Philippines,"Emerg Infect Dis 2010, 16(8):1217-23"
Pipistrellus javanicas,3,0,0.00%,Negative,Philippines,"Emerg Infect Dis 2010, 16(8):1217-23"
Scotophilus kuhlii,4,4,100.00%,Positive,Philippines,"Emerg Infect Dis 2010, 16(8):1217-23"
Cynopterus brachyotis,18,6,33.30%,Positive,Philippines,"Emerg Infect Dis 2010, 16(8):1217-23"
Ptenochirus jagori,1,0,0.00%,Negative,Philippines,"Emerg Infect Dis 2010, 16(8):1217-23"
Rousettus amplexicaudatus,1,1,100.00%,Positive,Philippines,"Emerg Infect Dis 2010, 16(8):1217-23"
Miniopterus magnater,25,3,12.00%,Positive,Hong Kong,"J Gen Virol 2006, 87(Pt 9):2461-6; J Gen Virol 2008, 89(Pt 5):1282-7"
Miniopterus pusillus,1,0,0.00%,Negative,Hong Kong,"J Gen Virol 2006, 87(Pt 9):2461-6; J Gen Virol 2008, 89(Pt 5):1282-7"
Miniopterus magnater,25,3,12.00%,Positive,Hong Kong,"J Gen Virol 2006, 87(Pt 9):2461-6; J Gen Virol 2008, 89(Pt 5):1282-7"
Miniopterus pusillus,11,2,18.20%,Positive,Hong Kong,"J Gen Virol 2006, 87(Pt 9):2461-6; J Gen Virol 2008, 89(Pt 5):1282-7"
Miniopterus magnater,20,0,0.00%,Negative,Hong Kong,"J Gen Virol 2006, 87(Pt 9):2461-6; J Gen Virol 2008, 89(Pt 5):1282-7"
Pteropus lylei,367,68,18.50%,Positive,Thailand,"Virol J 2018, 15(1):38"
Eidolon helvum,10,0,0,Negative,Kenya (Mombasa),"Virol Sin 2017, 32(2):101-114"
Otomops martiensseni,150,22,0.146666667,Positive,Kenya (Kajiado),"Virol Sin 2017, 32(2):101-114"
Eidolon helvum,185,20,0.108108108,Positive,Kenya (Kisii),"Virol Sin 2017, 32(2):101-114"
Eidolon helvum,25,1,0.04,Positive,Kenya (Vihiga),"Virol Sin 2017, 32(2):101-114"
Eidolon helvum,45,0,0,Negative,Kenya (Kisumu),"Virol Sin 2017, 32(2):101-114"
Rousettus aegyptiacus,75,0,0,Negative,Kenya (Trans-Nzoia),"Virol Sin 2017, 32(2):101-114"
Artibeus fimbriatus,3,0,0,Negative,Brazil,"Infect Genet Evol 2016, 44:510-3"
Artibeus lituratus,126,3,0.023809524,Positive,Brazil,"Infect Genet Evol 2016, 44:510-3"
Artibeus obscurus,1,0,0,Negative,Brazil,"Infect Genet Evol 2016, 44:510-3"
Artibeus planirostris,4,0,0,Negative,Brazil,"Infect Genet Evol 2016, 44:510-3"
Carollia perspicillata,44,3,0.068181818,Positive,Brazil,"Infect Genet Evol 2016, 44:510-3"
Desmodus rotundus,10,0,0,Negative,Brazil,"Infect Genet Evol 2016, 44:510-3"
Eptesicus furinalis,5,0,0,Negative,Brazil,"Infect Genet Evol 2016, 44:510-3"
Eumops glaucinus,27,1,0.037037037,Positive,Brazil,"Infect Genet Evol 2016, 44:510-3"
Glossophaga soricina,3,1,0.333333333,Positive,Brazil,"Infect Genet Evol 2016, 44:510-3"
Lasiurus cinereus,1,0,0,Negative,Brazil,"Infect Genet Evol 2016, 44:510-3"
Molossus molossus,80,0,0,Negative,Brazil,"Infect Genet Evol 2016, 44:510-3"
Molossus rufus,56,2,0.035714286,Positive,Brazil,"Infect Genet Evol 2016, 44:510-3"
Myotis nigricans,8,1,0.125,Positive,Brazil,"Infect Genet Evol 2016, 44:510-3"
Myotis riparius,1,1,1,Positive,Brazil,"Infect Genet Evol 2016, 44:510-3"
Platyrrhinus lineatus,3,0,0,Negative,Brazil,"Infect Genet Evol 2016, 44:510-3"
Sturnira lilium,28,3,0.107142857,Positive,Brazil,"Infect Genet Evol 2016, 44:510-3"
Vampyressa pusilla,1,0,0,Negative,Brazil,"Infect Genet Evol 2016, 44:510-3"
Hipposideros larvatus,2,0,0,Negative,"Guangdong, China","J Virol 2007, 81(4):1574-85"
Hipposideros armiger,26,0,0,Negative,"Guangdong, China","J Virol 2007, 81(4):1574-85"
Hipposideros pomona,1,0,0,Negative,"Guangdong, China","J Virol 2007, 81(4):1574-85"
Miniopterus magnater,14,0,0,Negative,"Guangdong, China","J Virol 2007, 81(4):1574-85"
Miniopterus pusillus,13,2,0.153846154,Positive,"Guangdong, China","J Virol 2007, 81(4):1574-85"
Myotis ricketti,1,0,0,Negative,"Guangdong, China","J Virol 2007, 81(4):1574-85"
Rhinolophus osgoodi,1,0,0,Negative,"Guangdong, China","J Virol 2007, 81(4):1574-85"
Rhinolophus pusillus,12,0,0,Negative,"Guangdong, China","J Virol 2007, 81(4):1574-85"
Rhinolophus affinus,25,0,0,Negative,"Guangdong, China","J Virol 2007, 81(4):1574-85"
Rhinolophus sinicus,64,7,0.109375,Positive,"Guangdong, China","J Virol 2007, 81(4):1574-85"
Rousettus leschenaultii,350,43,0.122857143,Positive,"Guangdong, China","J Virol 2007, 81(4):1574-85"
Rhinolophus sinicus,1337,171,0.12789828,Positive,"Hong Kong, China","J Virol 2010, 84(6):2808-19"
Rhinolophus sinicus,64,8,0.125,Positive,"Guangdong, China","J Virol 2010, 84(6):2808-19"
Rhinolophus luctus,10,0,0,Negative,"Tengchong, Yunnan, China","Emerg Microbes Infect 2017, 6(3):e14"
Rhinolophus affinis,10,0,0,Negative,"Tengchong, Yunnan, China","Emerg Microbes Infect 2017, 6(3):e14"
Rhinolophus pusillus,10,7,0.7,Positive,"Tengchong, Yunnan, China","Emerg Microbes Infect 2017, 6(3):e14"
Rhinolophus affinis,10,0,0,Negative,"Mangshi, Yunnan, China","Emerg Microbes Infect 2017, 6(3):e14"
Rhinolophus pusillus,10,7,0.7,Positive,"Mangshi, Yunnan, China","Emerg Microbes Infect 2017, 6(3):e14"
Myotis daubentonii,10,0,0,Negative,"Mangshi, Yunnan, China","Emerg Microbes Infect 2017, 6(3):e14"
Eidolon helvum,79,6,0.075949367,Positive,"Ibadan, Nigeria","Virus Genes 2016, 52(4):573-7"
Rousettus leschenaultii,110,0,0,Negative,"Nanning, Guangxi, China","Science 2005, 310(5748):676-9"
Rousettus leschenaultii,45,0,0,Negative,"Maoming, Guangdong, China","Science 2005, 310(5748):676-9"
Cynopterus sphinx,27,0,0,Negative,"Maoming, Guangdong, China","Science 2005, 310(5748):676-9"
Rousettus leschenaultii,55,0,0,Negative,"Nanning, Guangxi, China","Science 2005, 310(5748):676-9"
Myotis ricketti,21,0,0,Negative,"Tianjin, China","Science 2005, 310(5748):676-9"
Rhinolophus pusillus,15,0,0,Negative,"Yichang, Hubei, China","Science 2005, 310(5748):676-9"
Rhinolophus ferrumequinum,8,1,0.125,Positive,"Yichang, Hubei, China","Science 2005, 310(5748):676-9"
Rhinolophus macrotis,8,1,0.125,Positive,"Yichang, Hubei, China","Science 2005, 310(5748):676-9"
Nyctalus plancyi,1,0,0,Negative,"Yichang, Hubei, China","Science 2005, 310(5748):676-9"
Miniopterus schreibersii,1,0,0,Negative,"Yichang, Hubei, China","Science 2005, 310(5748):676-9"
Myotis altarium,1,0,0,Negative,"Yichang, Hubei, China","Science 2005, 310(5748):676-9"
Rhinolophus pearsonii,30,3,0.1,Positive,"Nanning, Guangxi, China","Science 2005, 310(5748):676-9"
Rhinolophus pusillus,6,0,0,Negative,"Nanning, Guangxi, China","Science 2005, 310(5748):676-9"
Rhinolophus sinicus,348,58,0.166666667,Positive,"Hong Kong, China","Virology 2007, 367(2):428-39"
Rhinolophus sinicus,58,8,0.137931034,Positive,"Guangdong, China","Virology 2007, 367(2):428-39"
Cynopterus brachyotis,83,31,0.373493976,Positive,Philippines,"Arch Virol 2012, 157(12):2349-55"
Ptenochirus jagori,67,16,0.23880597,Positive,Philippines,"Arch Virol 2012, 157(12):2349-55"
Emballonura alecto,8,2,0.25,Positive,Philippines,"Arch Virol 2012, 157(12):2349-55"
Rhinolophus rufus,2,1,0.5,Positive,Philippines,"Arch Virol 2012, 157(12):2349-55"
Haplonicteris fischeri,6,0,0,Negative,Philippines,"Arch Virol 2012, 157(12):2349-55"
Macroglossus minimus,3,1,0.333333333,Positive,Philippines,"Arch Virol 2012, 157(12):2349-55"
Rousettus amplexicaudatus,6,1,0.166666667,Positive,Philippines,"Arch Virol 2012, 157(12):2349-55"
Hipposideros diadema,4,1,0.25,Positive,Philippines,"Arch Virol 2012, 157(12):2349-55"
Eptesicus nilssonii,36,2,0.055555556,Positive,Finland,"Vector Borne Zoonotic Dis 2020, 20(2):155-158"
Myotis brandtii,6,2,0.333333333,Positive,Finland,"Vector Borne Zoonotic Dis 2020, 20(2):155-159"
Myotis daubentonii,32,6,0.1875,Positive,Finland,"Vector Borne Zoonotic Dis 2020, 20(2):155-160"
Pipistrellus nathusii,1,0,0,Negative,Finland,"Vector Borne Zoonotic Dis 2020, 20(2):155-161"
Plecotus auritus,3,0,0,Negative,Finland,"Vector Borne Zoonotic Dis 2020, 20(2):155-162"
Pipistrellus cf. hesperidus,1,1,1,Positive,Uganda,"MBio 2017, 8(2):pii: e00373-17"
Cynopterus sphinx,15,0,0,Negative,Hong Kong,"J Virol 2005, 79(4):2001-9"
Hipposideros armiger,4,0,0,Negative,Hong Kong,"J Virol 2005, 79(4):2001-9"
Hipposideros pomona,3,0,0,Negative,Hong Kong,"J Virol 2005, 79(4):2001-9"
Miniopterus magnater,16,3,0.1875,Positive,Hong Kong,"J Virol 2005, 79(4):2001-9"
Miniopterus pusillus,19,17,0.894736842,Positive,Hong Kong,"J Virol 2005, 79(4):2001-9"
Miniopterus schreibersii,4,2,0.5,Positive,Hong Kong,"J Virol 2005, 79(4):2001-9"
Myotis myotis,3,0,0,Negative,Hong Kong,"J Virol 2005, 79(4):2001-9"
Myotis ricketti,5,0,0,Negative,Hong Kong,"J Virol 2005, 79(4):2001-9"
Pipistrellus abramus,3,0,0,Negative,Hong Kong,"J Virol 2005, 79(4):2001-9"
Rhinolophus affinis,2,0,0,Negative,Hong Kong,"J Virol 2005, 79(4):2001-9"
Rhinolophus pusillus,1,0,0,Negative,Hong Kong,"J Virol 2005, 79(4):2001-9"
Rhinolophus rouxi,6,0,0,Negative,Hong Kong,"J Virol 2005, 79(4):2001-9"
Vespertilio superans,32,5,0.15625,Positive,Southwest China,"Emerg Infect Dis 2014, 20(7):1260-2"
